0.514,0.455,M
0.2255,0.35,M
0.677,0.53,F
0.516,0.44,M
0.205,0.33,I
0.3515,0.425,I
0.7775,0.53,F
0.768,0.545,F
0.5095,0.475,M
0.8945,0.55,F
0.6065,0.525,F
0.406,0.43,M
0.5415,0.49,M
0.6845,0.535,F
0.4755,0.47,F
0.6645,0.5,M
0.2905,0.355,I
0.451,0.44,F
0.2555,0.365,M
0.381,0.45,M
0.2455,0.355,M
0.2255,0.38,I
0.9395,0.565,F
0.7635,0.55,F
1.1615,0.615,F
0.9285,0.56,F
0.9955,0.58,F
0.931,0.59,M
0.9365,0.605,M
0.8635,0.575,M
0.9975,0.58,M
1.639,0.68,F
1.338,0.665,M
1.798,0.68,F
1.7095,0.705,F
0.4795,0.465,M
1.217,0.54,F
0.5225,0.45,F
0.883,0.575,F
0.3275,0.355,M
0.425,0.45,F
0.8515,0.55,F
0.07,0.24,I
0.042,0.205,I
0.042,0.21,I
0.203,0.39,I
0.5795,0.47,M
0.4605,0.46,F
0.161,0.325,I
0.8355,0.525,F
0.595,0.52,I
0.303,0.4,M
0.5415,0.485,M
0.4775,0.47,F
0.385,0.405,M
0.6615,0.5,F
0.4425,0.445,M
0.5895,0.47,M
0.086,0.245,I
0.583,0.505,F
0.4115,0.45,M
0.625,0.505,M
0.6965,0.53,F
0.3785,0.425,M
0.58,0.52,M
0.48,0.475,M
0.915,0.565,F
1.285,0.595,F
0.5305,0.475,F
0.151,0.31,I
0.7665,0.555,M
0.353,0.4,F
1.247,0.595,F
1.185,0.57,M
1.098,0.605,F
1.0075,0.6,F
0.944,0.595,M
0.922,0.6,F
0.788,0.555,F
1.1025,0.615,F
0.941,0.575,F
1.615,0.62,M
0.9885,0.52,F
1.3175,0.595,M
1.013,0.58,M
1.295,0.57,F
1.195,0.625,M
0.8645,0.56,M
0.517,0.46,F
0.9775,0.575,F
0.8115,0.565,M
0.755,0.555,M
1.115,0.595,M
1.262,0.625,F
1.494,0.695,M
1.606,0.665,M
0.725,0.535,M
0.523,0.47,M
0.5225,0.47,M
0.5785,0.475,F
0.2315,0.36,I
0.843,0.55,M
0.883,0.53,M
0.724,0.53,M
1.1735,0.605,M
0.727,0.52,F
0.802,0.545,F
0.6675,0.5,F
0.6335,0.51,F
0.3635,0.435,F
0.5415,0.495,M
0.431,0.465,M
0.3325,0.435,I
0.393,0.425,M
0.6935,0.545,F
0.5915,0.53,F
0.6125,0.49,F
0.402,0.44,M
0.8825,0.56,F
0.2605,0.405,M
0.4205,0.47,F
0.2535,0.385,I
0.766,0.515,F
0.214,0.37,M
0.1755,0.36,I
0.073,0.27,I
0.238,0.375,I
0.2505,0.385,I
1.7255,0.7,M
1.959,0.71,M
1.262,0.595,M
0.4035,0.44,F
0.1915,0.325,F
0.211,0.35,I
0.0975,0.265,I
0.406,0.425,F
0.156,0.305,F
0.2005,0.345,M
0.3555,0.405,F
0.253,0.375,M
0.826,0.565,F
0.741,0.55,F
1.3445,0.65,M
0.797,0.56,M
0.5175,0.475,M
0.549,0.49,F
0.515,0.46,M
0.127,0.28,I
0.0315,0.175,I
0.03,0.17,I
1.053,0.59,M
1.1185,0.605,F
1.3715,0.635,F
1.0565,0.605,F
0.9885,0.565,F
0.722,0.515,M
0.994,0.575,F
1.514,0.645,M
0.9075,0.58,F
1.124,0.575,F
1.056,0.605,M
1.222,0.605,F
1.2445,0.61,M
2.141,0.725,F
1.752,0.65,F
2.55,0.725,M
2.124,0.725,F
1.842,0.68,F
1.981,0.705,M
1.6185,0.68,F
1.9565,0.695,M
0.775,0.53,F
1.065,0.525,M
0.776,0.52,F
0.048,0.235,I
0.1785,0.36,I
0.125,0.315,I
0.1435,0.315,I
0.0465,0.225,I
0.97,0.58,M
0.9395,0.57,M
1.368,0.64,M
1.0235,0.56,F
1.0165,0.62,F
1.5675,0.645,F
1.218,0.62,M
1.0525,0.63,F
1.383,0.63,F
1.199,0.63,F
0.9325,0.585,F
1.1595,0.615,M
1.0225,0.61,M
0.927,0.58,M
0.22,0.355,I
0.8145,0.51,F
0.772,0.5,M
0.644,0.505,F
1.3035,0.64,M
0.922,0.56,M
0.922,0.585,M
0.4165,0.45,F
0.825,0.5,M
0.63,0.5,F
0.8155,0.53,F
0.369,0.42,M
0.482,0.44,F
0.315,0.4,I
0.3795,0.435,I
0.8325,0.525,F
0.2655,0.37,I
0.6345,0.49,F
0.181,0.335,M
0.38,0.415,F
0.6155,0.5,M
0.66,0.485,F
0.8025,0.55,M
0.46,0.45,M
0.324,0.405,I
0.501,0.47,M
0.32,0.415,F
0.455,0.445,F
0.5175,0.47,F
0.5755,0.49,F
0.485,0.445,F
0.3265,0.425,I
0.45,0.5,F
0.3055,0.39,F
0.205,0.365,I
1.1015,0.58,F
0.783,0.53,F
0.836,0.555,M
0.9025,0.565,M
1.4455,0.625,M
0.1155,0.275,I
0.435,0.44,I
0.124,0.295,I
0.002,0.075,I
0.013,0.13,I
0.008,0.11,I
0.021,0.16,I
0.9425,0.565,M
0.1,0.27,I
0.0645,0.23,I
0.1275,0.3,I
0.1655,0.33,I
0.174,0.35,I
0.1585,0.32,I
0.1975,0.36,I
0.156,0.305,I
0.2135,0.345,I
0.1715,0.33,I
1.1235,0.59,M
1.0605,0.595,F
1.094,0.575,F
1.2415,0.6,M
1.011,0.56,M
1.07,0.56,M
0.8975,0.545,M
1.415,0.635,F
1.1015,0.59,F
0.928,0.54,F
0.865,0.57,F
0.8945,0.53,M
0.095,0.245,I
0.1205,0.27,M
0.639,0.46,F
0.895,0.52,M
0.2925,0.35,M
0.6355,0.47,M
0.4995,0.45,F
1.779,0.64,F
1.187,0.59,M
1.219,0.62,M
1.525,0.63,M
1.259,0.63,M
1.844,0.655,M
1.3485,0.66,F
1.642,0.61,M
1.484,0.635,M
0.712,0.515,F
0.8415,0.535,F
0.2415,0.36,I
0.4495,0.455,F
0.6295,0.485,M
0.9565,0.515,M
0.879,0.535,F
0.699,0.53,M
0.6445,0.495,F
0.4775,0.44,M
0.8105,0.535,F
0.996,0.54,M
1.2765,0.565,F
1.116,0.61,M
1.013,0.565,F
1.0575,0.6,M
0.128,0.295,I
0.1105,0.275,I
0.1065,0.28,I
0.549,0.49,M
0.234,0.37,M
0.3485,0.405,F
0.892,0.54,F
0.252,0.37,M
0.217,0.36,M
0.472,0.47,F
0.037,0.2,I
0.0215,0.165,I
1.5415,0.645,M
0.7605,0.55,M
0.9055,0.57,M
1.2435,0.63,F
0.971,0.56,M
1.3305,0.595,M
1.2255,0.62,F
1.3,0.63,M
0.4585,0.45,I
1.242,0.635,F
0.3675,0.45,M
0.8365,0.58,F
0.172,0.33,I
0.0965,0.265,I
0.038,0.19,I
0.2845,0.385,M
0.1055,0.265,I
0.222,0.335,M
0.251,0.355,I
0.1755,0.32,I
0.6435,0.51,M
0.241,0.36,M
0.2255,0.36,I
0.5955,0.5,M
0.3185,0.4,F
0.121,0.3,I
0.0705,0.235,I
1.974,0.74,F
1.3415,0.62,M
1.0875,0.6,M
1.283,0.59,M
1.325,0.62,M
1.0035,0.565,F
1.165,0.575,M
1.3475,0.62,F
1.274,0.62,M
0.568,0.505,F
0.746,0.46,F
0.707,0.49,M
0.756,0.525,F
0.2,0.34,I
0.2715,0.375,I
1.2,0.61,M
1.153,0.61,F
0.8685,0.585,F
0.9535,0.57,M
0.93,0.58,M
1.275,0.635,M
2.13,0.7,M
1.587,0.675,M
1.8085,0.645,F
2.499,0.745,M
1.768,0.685,F
1.227,0.605,M
0.997,0.59,F
1.4225,0.65,F
1.029,0.6,F
1.186,0.62,F
1.016,0.63,M
0.887,0.58,M
1.0735,0.58,F
1.13,0.63,M
1.719,0.69,F
1.566,0.65,F
1.7605,0.66,F
1.787,0.68,F
1.31,0.7,F
1.343,0.685,M
1.7345,0.675,F
1.1775,0.63,M
1.077,0.585,F
0.995,0.565,M
1.1085,0.61,F
1.1405,0.605,M
0.791,0.535,M
0.663,0.485,M
0.5565,0.47,M
0.8445,0.545,M
0.4925,0.455,F
0.7385,0.54,M
0.482,0.46,M
0.609,0.49,M
0.471,0.465,I
0.3215,0.415,I
0.593,0.475,M
0.5615,0.47,F
0.25,0.365,I
0.1995,0.345,I
0.302,0.39,I
0.7155,0.5,F
0.5865,0.47,M
0.6765,0.535,M
0.987,0.585,M
0.5885,0.485,F
0.7225,0.515,M
0.4335,0.435,F
0.6935,0.515,F
0.365,0.44,I
0.8425,0.525,F
0.479,0.45,M
0.911,0.59,M
0.915,0.555,M
0.827,0.57,M
1.1045,0.59,M
0.945,0.585,M
0.9935,0.58,F
0.8565,0.545,M
1.2385,0.605,F
1.0325,0.62,F
1.3135,0.63,F
1.352,0.63,M
1.005,0.63,F
0.625,0.545,M
1.5015,0.67,F
0.529,0.49,I
0.5785,0.49,F
0.101,0.29,I
0.092,0.26,I
1.068,0.58,M
1.0915,0.61,F
1.015,0.6,M
0.943,0.56,F
1.0475,0.575,F
0.9555,0.57,F
1.036,0.6,M
0.9065,0.565,M
0.7505,0.545,M
0.366,0.44,I
0.662,0.5,M
0.217,0.36,I
0.252,0.385,I
0.3055,0.39,M
0.6885,0.5,M
0.2335,0.36,I
0.192,0.335,I
0.85,0.505,F
0.2715,0.395,I
0.3635,0.41,F
0.714,0.56,F
0.9815,0.565,M
0.9265,0.565,M
1.098,0.605,M
0.8205,0.565,F
1.891,0.725,M
1.41,0.675,F
1.4385,0.665,F
0.9245,0.565,F
1.2915,0.645,F
0.8375,0.575,M
1.221,0.64,F
0.199,0.36,I
0.2965,0.415,I
0.7085,0.525,F
0.2665,0.38,M
0.9915,0.585,F
0.0715,0.24,I
0.0545,0.22,I
0.0735,0.255,I
0.0235,0.175,I
1.3905,0.67,F
1.388,0.655,M
1.7445,0.68,F
1.4385,0.675,M
0.7835,0.53,F
0.646,0.515,F
0.3575,0.43,I
0.627,0.52,F
0.7715,0.545,F
0.7395,0.53,M
0.421,0.465,F
1.347,0.665,M
1.756,0.735,M
1.32,0.66,M
1.8075,0.7,F
0.9325,0.575,M
0.849,0.57,M
0.9955,0.58,F
1.0115,0.63,M
0.908,0.585,F
0.92,0.55,M
1.2415,0.625,F
0.8075,0.54,M
1.0595,0.57,F
1.073,0.59,M
0.921,0.58,M
1.2895,0.655,F
1.2635,0.655,M
1.369,0.625,M
0.953,0.625,F
1.248,0.64,F
1.0105,0.605,F
1.0385,0.615,F
0.874,0.555,M
0.854,0.58,F
1.1835,0.62,F
1.115,0.62,F
1.129,0.6,F
1.1745,0.625,F
1.105,0.6,M
0.8395,0.56,M
1.055,0.585,M
0.889,0.56,M
0.8735,0.56,I
1.1095,0.68,I
0.5185,0.455,F
0.6725,0.49,F
0.146,0.31,M
0.08,0.275,F
0.1,0.27,M
0.2795,0.4,M
0.0915,0.28,M
0.147,0.325,M
0.203,0.345,F
0.0385,0.21,M
0.1885,0.36,F
0.218,0.365,I
0.035,0.2,M
0.0545,0.235,M
0.024,0.175,M
0.0155,0.155,M
0.733,0.57,F
0.9715,0.57,F
0.24,0.385,M
0.752,0.53,I
0.458,0.46,F
0.4705,0.47,I
0.38,0.435,F
0.4985,0.47,I
0.454,0.465,I
0.5775,0.52,I
0.1165,0.29,M
0.094,0.275,M
0.2705,0.375,F
0.604,0.5,F
0.415,0.44,F
0.2885,0.42,M
0.3615,0.445,M
0.257,0.38,F
0.1555,0.32,M
0.08,0.255,M
0.0425,0.205,M
0.795,0.565,F
0.875,0.555,I
1.1625,0.65,I
0.9885,0.615,I
0.8,0.56,I
0.514,0.48,I
0.591,0.485,I
0.6265,0.5,I
0.795,0.525,I
1.1905,0.66,F
1.326,0.66,F
0.66,0.52,I
0.364,0.44,F
0.659,0.515,I
0.452,0.475,F
0.7335,0.545,F
0.5465,0.47,F
0.179,0.35,M
0.581,0.485,I
0.406,0.435,I
0.1085,0.28,M
0.387,0.41,F
0.474,0.45,I
0.443,0.45,I
1.066,0.59,F
0.9535,0.57,F
0.9665,0.61,I
1.133,0.61,F
0.9175,0.56,I
0.982,0.585,F
0.8865,0.58,I
1.3675,0.63,F
1.233,0.625,F
0.806,0.55,I
1.4635,0.645,F
0.4935,0.46,I
0.363,0.41,F
0.6655,0.495,I
0.6805,0.52,I
0.8285,0.55,F
0.4625,0.45,M
0.3095,0.405,F
0.745,0.51,I
0.25,0.37,F
0.874,0.525,I
1.514,0.66,F
0.6995,0.535,M
0.8525,0.575,I
0.7135,0.55,F
0.939,0.605,I
1.054,0.605,I
0.981,0.56,F
0.926,0.535,I
0.286,0.385,F
0.265,0.39,F
0.4885,0.47,I
0.5555,0.515,I
0.425,0.425,I
0.195,0.345,M
0.458,0.485,I
0.228,0.37,M
0.1775,0.35,M
0.4085,0.44,F
0.032,0.195,M
0.155,0.325,M
0.4775,0.495,I
0.525,0.45,I
0.3865,0.415,M
0.433,0.47,F
0.17,0.32,M
0.1295,0.31,M
0.0515,0.235,M
0.169,0.345,M
0.673,0.485,I
0.6785,0.5,F
0.498,0.5,F
0.498,0.465,I
0.658,0.525,F
0.322,0.425,F
0.2815,0.38,F
0.944,0.53,I
0.1835,0.34,M
0.49,0.475,I
0.391,0.43,F
0.467,0.46,M
0.5225,0.47,I
0.2105,0.36,M
0.168,0.355,M
0.258,0.38,M
0.1905,0.355,M
0.487,0.44,I
0.5735,0.51,F
0.173,0.325,M
1.1785,0.62,I
0.9,0.59,F
0.1875,0.33,M
0.3715,0.45,M
0.347,0.445,I
0.1145,0.33,M
0.777,0.48,M
0.4885,0.46,I
0.447,0.475,F
0.079,0.255,M
0.1665,0.335,I
0.466,0.47,I
0.1345,0.31,M
0.2305,0.37,F
0.129,0.295,M
0.97,0.555,F
1.14,0.615,F
1.3165,0.58,I
0.9585,0.585,F
1.626,0.65,I
0.781,0.535,I
0.3675,0.415,F
0.281,0.38,F
0.412,0.45,I
0.2245,0.395,F
0.4835,0.455,M
0.605,0.485,F
0.9175,0.55,M
0.5425,0.45,F
0.6175,0.475,M
0.655,0.5,F
0.8115,0.53,F
0.573,0.49,M
0.7865,0.49,F
0.64,0.52,F
0.74,0.54,M
0.5945,0.5,F
0.8165,0.45,F
0.2225,0.37,F
0.2295,0.37,I
0.5725,0.485,M
0.3915,0.435,F
0.8345,0.535,M
0.6515,0.51,M
0.909,0.565,M
0.8045,0.535,F
0.927,0.535,F
0.7305,0.525,M
0.9555,0.59,M
0.636,0.5,M
0.0865,0.255,I
0.3865,0.43,F
0.283,0.38,M
0.019,0.165,I
0.1285,0.315,I
0.0175,0.155,I
0.1165,0.28,M
0.444,0.43,F
0.3515,0.395,F
0.2905,0.385,M
0.536,0.48,F
0.4525,0.445,F
0.316,0.395,M
0.417,0.4,M
0.417,0.415,M
0.203,0.315,M
0.207,0.345,F
0.2765,0.36,M
0.1105,0.295,I
0.176,0.325,I
0.2465,0.375,M
0.1135,0.28,I
0.201,0.355,M
0.1915,0.35,M
0.1035,0.275,I
0.0975,0.29,I
0.0765,0.25,I
0.0265,0.18,I
0.015,0.15,I
0.018,0.16,I
1.0575,0.555,M
1.092,0.555,M
0.99,0.525,M
0.488,0.465,M
0.5005,0.49,F
0.297,0.4,M
0.525,0.48,F
0.77,0.505,M
0.6515,0.52,F
0.8295,0.525,M
0.879,0.545,M
0.823,0.52,M
0.656,0.505,M
0.8665,0.525,M
0.6565,0.51,M
0.669,0.52,M
0.6435,0.52,F
0.862,0.535,M
0.3795,0.445,M
0.835,0.53,M
0.2065,0.36,F
0.7365,0.535,F
0.8175,0.52,F
0.8425,0.53,M
1.001,0.53,F
1.676,0.66,F
0.6595,0.52,M
0.8055,0.535,M
1.5165,0.695,M
0.612,0.51,F
0.547,0.485,M
1.122,0.605,F
1.1365,0.58,F
1.4805,0.65,M
1.5275,0.62,M
1.1375,0.615,M
1.437,0.605,F
1.116,0.57,M
1.0615,0.57,M
1.2565,0.585,M
0.946,0.55,F
0.959,0.54,F
1.613,0.64,M
1.153,0.61,F
0.978,0.545,M
1.1325,0.59,F
0.197,0.345,M
0.785,0.55,F
0.949,0.53,F
0.9805,0.53,F
0.521,0.485,I
0.2685,0.385,M
0.462,0.455,M
0.7605,0.49,M
0.732,0.53,M
0.6775,0.505,M
0.6385,0.49,M
0.5755,0.465,M
0.537,0.47,F
0.93,0.56,M
0.6415,0.505,M
0.8815,0.515,M
0.244,0.385,I
0.0525,0.215,I
1.042,0.55,M
0.5755,0.515,F
0.709,0.495,M
0.644,0.505,F
0.8875,0.6,F
0.8935,0.57,F
0.556,0.485,F
0.51,0.47,M
0.9215,0.575,M
1.0345,0.58,M
0.695,0.515,M
0.7155,0.53,M
0.394,0.44,M
0.745,0.52,M
0.3665,0.425,F
0.495,0.46,M
0.349,0.45,M
0.4405,0.425,M
0.22,0.37,I
0.6615,0.515,M
0.3185,0.405,M
0.1015,0.28,I
0.759,0.48,F
0.4195,0.44,F
0.807,0.52,F
0.875,0.505,M
0.6835,0.49,F
0.067,0.235,I
0.088,0.255,I
0.1715,0.315,I
0.1735,0.325,I
0.183,0.335,I
0.2055,0.35,I
0.18,0.35,I
0.27,0.36,I
0.24,0.365,I
0.2215,0.37,I
0.1375,0.38,I
0.312,0.385,I
0.2895,0.385,I
0.319,0.395,I
0.304,0.395,I
0.306,0.4,I
0.394,0.41,I
0.3735,0.415,I
0.325,0.415,M
0.398,0.425,I
0.501,0.44,I
0.4895,0.445,I
0.378,0.445,I
0.547,0.45,I
0.5805,0.47,M
0.5465,0.475,I
0.6395,0.48,F
0.498,0.485,I
0.609,0.49,M
0.7555,0.495,F
0.5975,0.5,M
0.8275,0.505,M
0.7635,0.525,M
0.891,0.54,M
0.805,0.54,F
0.9185,0.545,F
0.923,0.55,F
1.0145,0.55,M
0.875,0.55,F
0.9685,0.555,M
1.0595,0.565,M
0.952,0.57,M
0.7535,0.57,M
0.958,0.575,F
1.077,0.59,M
1.102,0.59,M
1.11,0.595,F
1.2095,0.595,F
1.1405,0.595,F
1.113,0.595,F
1.3445,0.6,M
1.21,0.6,F
1.29,0.6,M
1.382,0.605,F
1.1035,0.605,M
1.377,0.615,F
1.3435,0.615,F
1.296,0.615,M
1.34,0.615,M
1.3725,0.62,F
1.307,0.62,M
1.2085,0.625,F
1.3825,0.625,F
1.26,0.63,M
1.3555,0.635,M
1.376,0.635,F
1.2945,0.635,F
1.486,0.64,F
1.4715,0.65,M
1.4095,0.655,M
2.0805,0.655,M
1.3905,0.66,M
1.558,0.66,M
1.309,0.67,F
1.8095,0.675,F
1.4785,0.675,F
1.7775,0.68,F
1.6675,0.685,F
1.834,0.695,F
2.8255,0.73,M
0.046,0.205,I
0.0705,0.24,I
0.0665,0.24,I
0.083,0.255,I
0.083,0.255,I
0.092,0.265,I
0.117,0.28,I
0.1625,0.295,I
0.131,0.3,I
0.1385,0.3,I
0.141,0.305,I
0.1485,0.315,I
0.144,0.315,I
0.1575,0.32,I
0.187,0.325,I
0.196,0.33,I
0.1825,0.335,I
0.186,0.335,I
0.1785,0.34,I
0.2225,0.34,I
0.2455,0.345,I
0.249,0.37,I
0.2865,0.37,I
0.215,0.375,I
0.251,0.385,I
0.339,0.41,I
0.3535,0.41,I
0.3335,0.41,I
0.3595,0.415,I
0.376,0.42,I
0.3435,0.42,I
0.382,0.425,I
0.377,0.425,I
0.3645,0.43,I
0.425,0.43,I
0.3995,0.435,I
0.3925,0.435,I
0.4495,0.44,I
0.35,0.44,I
0.4355,0.445,F
0.4195,0.445,I
0.478,0.45,I
0.4445,0.45,I
0.47,0.45,I
0.447,0.45,I
0.5325,0.455,I
0.497,0.455,I
0.4635,0.46,I
0.449,0.46,I
0.467,0.465,I
0.534,0.465,I
0.4415,0.465,I
0.482,0.465,F
0.612,0.47,M
0.582,0.47,F
0.537,0.475,M
0.5915,0.475,F
0.6765,0.48,M
0.64,0.48,M
0.439,0.48,M
0.6015,0.48,M
0.4785,0.485,F
0.649,0.49,M
0.6335,0.495,M
0.61,0.495,M
0.6595,0.5,M
0.56,0.5,I
0.6425,0.5,M
0.6725,0.5,M
0.674,0.505,F
0.685,0.505,I
0.642,0.505,M
0.601,0.505,I
0.769,0.51,M
0.5785,0.51,I
0.769,0.51,I
0.7035,0.51,M
0.796,0.51,M
0.834,0.515,F
0.7125,0.515,M
0.724,0.525,F
0.7325,0.525,M
0.7585,0.53,F
0.8495,0.53,F
0.6515,0.53,M
0.8215,0.535,F
0.7165,0.535,M
0.874,0.535,M
0.9905,0.55,F
0.8105,0.55,F
0.967,0.56,F
0.6975,0.565,F
1.195,0.57,M
1.1935,0.57,M
1.107,0.57,F
1.0635,0.57,M
0.9035,0.57,M
1.114,0.575,M
1.103,0.575,F
1.1155,0.58,F
1.0515,0.58,F
1.012,0.58,M
1.137,0.58,F
1.1335,0.58,M
1.136,0.59,M
1.206,0.59,M
1.063,0.59,F
1.121,0.595,F
1.114,0.595,F
1.213,0.595,M
1.0045,0.595,F
1.044,0.595,M
1.1345,0.605,F
1.161,0.605,M
1.2315,0.605,M
1.1625,0.61,M
1.168,0.61,M
1.2525,0.615,F
1.3315,0.62,F
1.3525,0.625,F
1.3325,0.625,M
1.1435,0.625,F
1.288,0.625,F
1.38,0.625,F
1.278,0.63,M
1.3075,0.63,F
1.1785,0.63,M
1.375,0.635,M
1.4065,0.635,M
1.4025,0.64,M
1.5175,0.64,F
1.394,0.64,F
1.2205,0.645,F
1.636,0.645,M
1.561,0.645,M
1.4325,0.645,F
1.3385,0.645,M
1.2465,0.645,F
1.212,0.645,F
1.304,0.65,M
1.6785,0.65,M
1.622,0.65,M
1.494,0.655,F
1.6525,0.655,F
1.528,0.66,F
1.5905,0.66,M
1.6275,0.66,M
1.3695,0.66,F
1.6085,0.67,M
1.587,0.675,F
1.8375,0.675,F
1.607,0.68,M
1.7005,0.69,M
1.872,0.69,M
1.8385,0.695,F
1.685,0.705,F
2.198,0.71,M
1.9525,0.715,M
1.56,0.715,F
2.555,0.735,F
2.302,0.765,M
0.029,0.185,I
0.0375,0.195,I
0.0325,0.195,I
0.0435,0.2,I
0.059,0.225,I
0.071,0.245,I
0.0685,0.25,I
0.084,0.265,I
0.106,0.275,I
0.1075,0.28,I
0.096,0.285,I
0.1255,0.3,I
0.151,0.315,I
0.1415,0.32,I
0.2015,0.34,I
0.221,0.37,I
0.2345,0.375,I
0.2325,0.375,I
0.2485,0.385,I
0.348,0.4,I
0.32,0.405,I
0.282,0.41,I
0.3245,0.41,I
0.316,0.42,I
0.3625,0.42,I
0.279,0.42,I
0.3685,0.425,I
0.397,0.43,M
0.413,0.435,I
0.418,0.435,I
0.3705,0.44,I
0.409,0.445,I
0.434,0.445,I
0.411,0.445,I
0.462,0.45,I
0.4925,0.45,I
0.3715,0.45,I
0.411,0.45,I
0.3685,0.45,I
0.4155,0.46,I
0.544,0.47,M
0.4845,0.47,I
0.4565,0.475,I
0.4545,0.475,I
0.6245,0.48,I
0.5225,0.49,M
0.5495,0.5,I
0.542,0.5,I
0.519,0.5,I
0.5215,0.5,M
0.5445,0.505,F
0.6795,0.51,I
0.545,0.51,F
0.5575,0.51,I
0.5155,0.51,I
0.6115,0.515,I
0.7765,0.52,M
0.5395,0.52,I
0.5545,0.52,I
1.019,0.52,F
0.6455,0.525,I
0.601,0.525,I
0.7555,0.525,M
0.608,0.525,I
0.617,0.53,I
0.599,0.535,I
0.6665,0.54,I
0.7835,0.545,M
0.793,0.545,M
0.82,0.545,M
0.8145,0.55,F
0.84,0.55,F
0.8315,0.55,M
0.8995,0.56,M
0.8965,0.56,M
0.6405,0.56,F
0.852,0.56,M
0.9595,0.565,M
0.99,0.565,M
1.0095,0.565,F
1.0375,0.57,M
0.8775,0.57,F
0.755,0.57,I
0.9945,0.575,F
1.068,0.575,F
0.8455,0.575,M
0.869,0.575,F
0.907,0.575,M
0.805,0.575,I
1.0225,0.575,M
0.847,0.575,M
1.114,0.58,M
1.859,0.58,M
0.814,0.58,M
0.9615,0.58,M
1.0025,0.58,M
0.93,0.58,F
0.9335,0.585,M
0.9555,0.585,M
0.9955,0.59,M
1.0265,0.6,F
1.1915,0.6,M
1.1025,0.6,F
1.0165,0.6,M
1.1775,0.605,F
1.1175,0.605,M
1.1835,0.605,M
1.056,0.605,F
1.0145,0.61,M
1.3305,0.61,M
1.052,0.61,M
1.0565,0.615,M
0.923,0.615,F
1.027,0.615,F
1.0195,0.62,M
0.858,0.62,M
1.1125,0.62,F
1.3745,0.625,F
1.2065,0.625,M
1.1325,0.63,M
1.2645,0.63,M
1.1565,0.635,F
1.369,0.64,M
1.39,0.645,M
1.1345,0.645,F
1.464,0.65,F
1.202,0.65,M
1.31,0.655,M
1.415,0.655,F
1.346,0.66,F
1.363,0.665,M
1.2975,0.665,I
1.3645,0.67,F
1.7025,0.685,F
1.519,0.685,M
1.454,0.69,F
1.583,0.69,M
1.5535,0.69,F
1.74,0.695,M
1.751,0.7,M
2.273,0.7,M
1.6465,0.7,F
1.219,0.705,F
1.652,0.71,F
2.0045,0.715,M
1.6755,0.715,M
2.103,0.72,F
1.9965,0.72,F
1.187,0.72,M
1.978,0.725,M
1.8795,0.73,F
2.124,0.735,M
1.931,0.745,M
2.236,0.75,F
2.505,0.755,F
2.0065,0.755,M
2.657,0.78,F
0.4645,0.185,I
0.0765,0.245,I
0.0685,0.25,I
0.0835,0.25,I
0.1125,0.275,I
0.1075,0.305,I
0.1055,0.31,I
0.1375,0.315,I
0.1145,0.315,I
0.139,0.325,I
0.2085,0.33,I
0.1595,0.33,I
0.2015,0.335,I
0.179,0.34,I
0.1945,0.345,I
0.2005,0.345,I
0.215,0.35,I
0.1785,0.35,I
0.196,0.36,I
0.1875,0.365,I
0.196,0.365,I
0.213,0.365,I
0.2445,0.37,I
0.217,0.37,I
0.213,0.375,I
0.2385,0.375,I
0.218,0.375,I
0.2465,0.375,I
0.2025,0.375,I
0.218,0.375,I
0.256,0.38,I
0.2105,0.38,I
0.2615,0.385,I
0.2175,0.385,I
0.302,0.385,I
0.228,0.385,I
0.3265,0.39,I
0.284,0.395,I
0.2725,0.395,I
0.2985,0.395,I
0.2675,0.4,I
0.2645,0.405,I
0.33,0.41,I
0.328,0.42,I
0.3335,0.425,I
0.3055,0.425,I
0.301,0.425,I
0.428,0.43,I
0.378,0.43,I
0.3685,0.435,I
0.438,0.44,I
0.448,0.45,I
0.4005,0.455,I
0.4305,0.455,F
0.372,0.455,I
0.466,0.46,I
0.3705,0.46,I
0.4785,0.46,F
0.346,0.465,I
0.411,0.47,I
0.48,0.47,I
0.393,0.47,I
0.5035,0.475,I
0.441,0.475,I
0.492,0.475,I
0.5435,0.48,I
0.4725,0.48,I
0.461,0.48,I
0.4965,0.495,I
0.5125,0.495,I
0.553,0.495,M
0.594,0.5,I
0.6765,0.5,M
0.5795,0.5,I
0.6615,0.5,I
0.5695,0.5,I
0.6215,0.5,I
0.6015,0.505,I
0.594,0.505,I
0.551,0.505,I
0.625,0.515,I
0.711,0.515,I
0.6965,0.515,I
0.5825,0.52,I
0.663,0.52,I
0.6965,0.525,I
0.842,0.525,M
0.694,0.53,I
0.81,0.53,I
0.5745,0.53,I
0.7675,0.53,I
0.6025,0.535,I
0.5765,0.535,I
0.7145,0.535,F
0.717,0.535,M
0.8655,0.54,F
0.7265,0.54,I
0.7715,0.545,I
0.8,0.545,F
0.7285,0.545,I
0.5945,0.545,I
0.7895,0.55,I
0.651,0.55,F
0.8745,0.55,M
0.7535,0.55,I
0.7305,0.55,I
0.8705,0.555,M
0.7395,0.555,I
0.7665,0.555,I
0.7905,0.555,I
0.8205,0.56,I
0.688,0.56,I
1.224,0.56,F
0.974,0.56,I
0.8735,0.565,I
0.8495,0.565,F
0.796,0.565,M
0.744,0.565,M
0.751,0.57,I
0.794,0.57,I
0.9795,0.57,F
0.873,0.57,M
0.7665,0.57,I
0.8965,0.57,M
0.857,0.575,F
1.078,0.575,F
0.892,0.575,M
1.4395,0.58,M
0.7955,0.58,M
0.858,0.58,F
0.9145,0.585,M
1.171,0.585,M
1.0505,0.585,I
1.1135,0.585,M
1.409,0.585,M
1.065,0.585,M
0.7995,0.585,M
0.7715,0.59,I
1.187,0.59,M
0.8855,0.59,M
0.98,0.595,F
1.026,0.595,F
1.1315,0.6,M
1.014,0.6,M
1.12,0.6,I
1.04,0.6,F
0.8895,0.6,F
0.9595,0.6,M
1.238,0.605,I
0.9755,0.605,M
0.9025,0.605,I
1.076,0.605,F
1.0835,0.605,F
0.871,0.61,M
1.244,0.61,M
1.0265,0.61,M
0.9605,0.61,I
1.137,0.61,M
1,0.61,M
1.004,0.615,F
1.128,0.615,M
1.054,0.615,M
1.023,0.615,F
1.129,0.615,M
1.118,0.615,M
1.115,0.615,F
1.2815,0.62,M
1.2555,0.62,M
1.293,0.62,F
1.1295,0.62,F
1.082,0.625,M
1.15,0.625,F
1.264,0.625,F
1.2035,0.625,F
1.3205,0.63,F
1.272,0.63,I
1.062,0.63,M
1.0605,0.63,I
1.093,0.63,M
1.101,0.635,M
1.4595,0.635,F
1.211,0.635,F
1.1935,0.635,M
0.986,0.635,M
1.521,0.64,M
1.3135,0.64,M
1.1835,0.645,M
1.401,0.645,M
1.5075,0.645,M
1.16,0.65,F
1.662,0.65,F
1.5365,0.65,M
1.542,0.65,M
1.567,0.65,F
1.3595,0.655,F
1.6445,0.655,M
1.4545,0.655,F
1.3585,0.655,M
1.548,0.66,F
1.337,0.66,F
1.491,0.665,F
1.5615,0.67,F
1.0145,0.67,F
1.7375,0.675,M
1.7925,0.685,M
1.7635,0.695,F
1.556,0.7,F
2.21,0.705,M
2.141,0.705,M
1.5345,0.705,F
1.614,0.71,F
1.9335,0.72,F
2.173,0.72,M
1.737,0.725,F
1.7375,0.73,F
2.1275,0.735,F
2.25,0.745,F
2.5085,0.75,F
2.255,0.815,F
0.014,0.14,I
0.0515,0.23,I
0.2215,0.365,I
0.1985,0.365,I
0.232,0.37,I
0.3155,0.375,I
0.247,0.385,I
0.3025,0.395,I
0.329,0.4,I
0.2815,0.4,I
0.3425,0.405,I
0.2825,0.405,I
0.304,0.405,I
0.2905,0.41,I
0.3895,0.415,M
0.389,0.425,I
0.4405,0.43,I
0.369,0.44,I
0.4565,0.44,M
0.4465,0.44,I
0.4475,0.45,M
0.501,0.455,I
0.436,0.46,I
0.4615,0.47,I
0.4315,0.47,I
0.3685,0.47,I
0.649,0.475,M
0.459,0.475,I
0.566,0.475,F
0.542,0.48,I
0.4725,0.485,I
0.6435,0.485,M
0.526,0.485,M
0.573,0.495,F
0.5525,0.505,M
0.6855,0.505,F
0.556,0.515,I
0.9365,0.515,M
0.5625,0.515,I
0.559,0.52,M
0.7205,0.525,M
0.7045,0.53,I
0.7575,0.53,M
0.7405,0.545,F
0.84,0.55,F
0.793,0.55,M
0.8745,0.56,F
0.8715,0.56,F
0.9875,0.57,M
1.08,0.575,M
0.9155,0.575,M
1.165,0.58,F
0.953,0.58,F
0.906,0.585,M
0.8725,0.59,M
1.151,0.59,F
0.9905,0.59,F
1.04,0.595,F
0.945,0.6,M
1.259,0.6,M
0.9515,0.605,F
1.201,0.605,F
1.289,0.605,F
1.1005,0.61,F
0.8425,0.615,I
1.049,0.62,M
1.012,0.62,F
1.0725,0.62,M
1.4105,0.625,M
1.136,0.625,M
1.1005,0.63,M
1.1105,0.63,F
1.1315,0.63,M
1.271,0.63,M
1.336,0.63,F
1.1345,0.635,F
1.308,0.635,M
1.5335,0.64,F
1.546,0.645,F
1.539,0.645,M
1.318,0.645,F
1.5245,0.65,F
1.466,0.65,M
1.3825,0.65,F
1.175,0.65,M
1.5555,0.655,F
1.7835,0.655,M
1.374,0.66,M
1.389,0.665,F
1.7025,0.67,M
1.5265,0.67,M
1.519,0.67,M
1.741,0.68,F
1.6115,0.68,M
1.7825,0.69,M
1.684,0.7,F
1.858,0.7,M
1.675,0.705,M
2.1055,0.72,M
2.21,0.725,M
1.8725,0.74,M
1.893,0.75,M
0.0475,0.21,I
0.101,0.285,I
0.121,0.295,I
0.117,0.3,I
0.1465,0.305,I
0.168,0.335,I
0.18,0.35,I
0.1775,0.355,I
0.1985,0.355,I
0.2,0.36,I
0.2205,0.36,I
0.1845,0.36,I
0.2225,0.365,I
0.2175,0.37,I
0.2165,0.375,I
0.243,0.38,I
0.237,0.38,I
0.2365,0.385,I
0.257,0.385,I
0.308,0.385,I
0.252,0.39,I
0.281,0.39,I
0.2225,0.39,I
0.304,0.41,I
0.28,0.41,I
0.313,0.415,I
0.317,0.425,I
0.303,0.425,I
0.3295,0.435,I
0.367,0.435,I
0.3245,0.45,I
0.4195,0.45,I
0.457,0.455,I
0.4,0.46,I
0.4255,0.46,I
0.4365,0.465,I
0.393,0.465,I
0.499,0.47,I
0.6325,0.475,I
0.4285,0.475,M
0.4905,0.475,I
0.474,0.48,I
0.536,0.48,I
0.464,0.48,M
0.6025,0.485,I
0.4615,0.49,I
0.624,0.49,I
0.4715,0.495,I
0.602,0.495,I
0.616,0.5,I
0.5955,0.5,I
0.559,0.5,I
0.6025,0.51,I
0.6065,0.515,F
0.4725,0.515,I
0.4745,0.515,I
0.6635,0.515,I
0.5705,0.515,I
0.646,0.52,I
0.5545,0.52,I
0.845,0.525,M
0.664,0.525,I
0.615,0.525,I
0.654,0.525,I
0.707,0.525,M
0.5965,0.53,I
0.6255,0.53,I
0.555,0.53,I
0.8365,0.53,I
0.657,0.535,I
0.836,0.54,I
0.742,0.54,I
0.8195,0.54,I
0.972,0.54,M
0.6275,0.54,I
0.7205,0.54,I
0.686,0.54,I
0.686,0.545,I
0.543,0.545,I
0.717,0.545,I
0.7625,0.55,M
0.639,0.55,I
0.816,0.55,I
0.7815,0.55,I
0.7665,0.55,I
0.5585,0.555,I
0.765,0.555,I
0.9005,0.555,I
0.8225,0.56,I
0.7235,0.56,I
0.849,0.56,M
0.743,0.565,I
0.863,0.565,F
0.802,0.565,M
0.831,0.565,M
0.7805,0.57,F
0.795,0.57,M
0.848,0.57,I
0.833,0.57,I
0.867,0.57,I
0.7405,0.57,I
0.867,0.575,M
0.7965,0.575,I
1.116,0.575,F
0.78,0.575,I
0.985,0.575,M
0.9965,0.575,F
0.8015,0.575,I
0.807,0.575,I
1.0305,0.575,F
0.839,0.575,M
0.9615,0.575,M
0.834,0.58,F
1.0335,0.58,M
0.798,0.58,M
0.7095,0.58,I
0.913,0.585,F
1.207,0.59,M
1.022,0.59,I
0.9015,0.59,I
0.9,0.595,F
0.838,0.595,M
0.959,0.595,M
0.8335,0.595,I
0.9735,0.6,F
1.13,0.6,F
0.9165,0.6,M
0.9175,0.6,I
1.0645,0.6,F
1.059,0.6,M
1.194,0.6,M
0.9775,0.605,F
0.884,0.605,M
0.8025,0.605,I
0.991,0.605,F
0.974,0.605,F
1.434,0.605,F
0.983,0.61,M
1.0725,0.61,F
1.2405,0.61,F
1.022,0.61,M
1.1155,0.61,F
0.9225,0.61,I
1.1185,0.61,M
1.2795,0.61,F
1.0175,0.615,M
1.224,0.615,M
1.154,0.62,I
1.3255,0.62,F
1.221,0.62,M
1.139,0.62,F
1.066,0.62,I
1.2215,0.62,F
0.8565,0.62,I
0.924,0.62,I
1.266,0.62,M
1.0405,0.62,F
1.1165,0.625,M
1.0845,0.625,M
1.0985,0.625,M
1.1955,0.625,I
1.362,0.625,F
1.044,0.625,I
1.0915,0.63,M
1.1965,0.63,F
1.1745,0.63,M
1.233,0.63,M
1.2695,0.63,M
1.489,0.635,I
1.4345,0.635,M
1.2435,0.635,F
1.2615,0.635,F
1.2235,0.64,F
1.247,0.64,M
1.707,0.64,M
1.1605,0.645,M
1.286,0.645,M
1.5595,0.645,M
1.4745,0.645,M
1.226,0.645,M
1.33,0.645,M
1.2415,0.645,F
1.3375,0.645,M
1.363,0.645,F
1.2215,0.645,M
1.371,0.645,F
1.337,0.65,F
1.274,0.65,M
1.488,0.65,M
1.3835,0.65,M
1.274,0.655,M
1.043,0.655,F
1.3485,0.655,F
1.4405,0.655,F
1.3195,0.66,M
1.5175,0.66,F
1.5505,0.66,M
1.6375,0.66,M
1.443,0.665,M
1.289,0.665,M
1.2915,0.665,F
1.3725,0.665,M
1.2975,0.665,M
1.2585,0.67,M
1.39,0.67,M
1.32,0.67,F
1.566,0.67,F
1.619,0.67,F
1.2835,0.675,M
1.382,0.675,F
1.4535,0.68,M
1.6075,0.68,F
1.3735,0.685,M
1.638,0.685,F
1.569,0.69,F
1.8565,0.7,M
1.773,0.7,F
1.58,0.705,F
2.009,0.71,M
1.9805,0.71,F
1.5805,0.71,F
2.015,0.71,M
1.8275,0.72,M
2.125,0.72,M
1.445,0.72,F
2.1425,0.725,F
1.9425,0.73,F
1.747,0.735,M
2.119,0.74,F
1.938,0.75,F
2.2205,0.75,M
2.5155,0.77,M
2.7795,0.775,M
0.2315,0.275,I
0.394,0.375,I
0.597,0.375,F
0.564,0.39,M
0.5965,0.435,I
0.414,0.445,M
0.422,0.455,I
0.82,0.455,I
0.434,0.455,I
0.7615,0.465,I
0.5795,0.465,M
0.5205,0.485,I
0.968,0.485,M
0.869,0.485,I
0.8795,0.49,F
1.0615,0.5,M
0.9225,0.515,M
1.007,0.515,M
0.9605,0.525,M
0.65,0.525,M
0.7545,0.53,M
0.771,0.535,F
1.0835,0.535,I
0.8935,0.545,I
1.358,0.545,F
1.1185,0.545,F
1.205,0.55,F
1.3405,0.55,M
1.02,0.57,M
1.025,0.575,M
0.8145,0.575,I
1.48,0.58,F
0.953,0.585,M
0.8915,0.585,I
1.3005,0.6,M
1.038,0.6,M
1.2525,0.605,M
1.15,0.605,M
1.1135,0.61,F
1.1155,0.615,F
1.0865,0.62,M
1.254,0.625,M
1.169,0.625,M
1.172,0.635,M
1.1845,0.635,F
1.0725,0.64,F
1.3815,0.645,M
1.6125,0.65,M
1.7395,0.65,M
1.5475,0.655,F
1.4245,0.655,M
1.3405,0.665,F
1.4465,0.675,F
1.5845,0.685,F
1.679,0.695,F
1.726,0.695,M
1.5395,0.705,F
2.073,0.72,F
1.5865,0.72,M
2.069,0.73,M
0.027,0.185,I
0.0555,0.24,I
0.1275,0.31,I
0.1885,0.34,I
0.2,0.35,I
0.197,0.365,I
0.223,0.365,I
0.2215,0.365,I
0.2665,0.39,I
0.269,0.405,I
0.2805,0.41,I
0.3305,0.41,I
0.2815,0.415,I
0.2805,0.415,I
0.311,0.415,I
0.368,0.42,I
0.3405,0.43,I
0.3245,0.435,I
0.38,0.435,I
0.335,0.435,I
0.3215,0.435,I
0.358,0.445,I
0.445,0.465,I
0.487,0.47,I
0.4535,0.475,I
0.568,0.485,I
0.5155,0.485,I
0.457,0.485,I
0.5095,0.495,I
0.5,0.495,I
0.494,0.495,I
0.5605,0.5,I
0.599,0.505,I
0.7045,0.505,I
0.7005,0.51,F
0.7125,0.515,I
0.6725,0.515,I
0.5785,0.515,M
0.5185,0.52,I
0.6375,0.52,I
0.5805,0.52,I
0.6645,0.52,I
0.581,0.52,I
0.596,0.525,I
0.6965,0.525,I
0.6095,0.525,I
0.677,0.53,I
0.7245,0.53,I
0.575,0.53,I
0.632,0.53,I
1.0015,0.535,I
0.9455,0.54,F
0.6555,0.54,I
0.6255,0.54,I
0.8145,0.545,I
0.687,0.545,I
0.7995,0.55,I
0.804,0.55,I
0.7495,0.555,M
0.599,0.555,M
0.7075,0.555,M
0.738,0.555,I
0.837,0.555,M
0.832,0.56,I
0.8305,0.565,F
0.667,0.565,M
0.9355,0.565,M
0.8445,0.565,I
0.895,0.565,M
0.8715,0.565,I
1.0005,0.57,M
0.832,0.57,M
0.9415,0.57,M
0.88,0.57,M
0.803,0.57,F
0.785,0.575,M
0.9765,0.575,M
0.992,0.575,M
1.013,0.575,M
0.876,0.575,M
1.099,0.575,F
0.8715,0.575,I
0.8245,0.575,I
0.7955,0.575,F
0.857,0.575,M
0.8265,0.58,F
0.925,0.58,F
1.0465,0.58,M
0.7905,0.58,I
0.8295,0.58,M
0.886,0.595,M
0.97,0.6,F
1.1805,0.6,M
0.99,0.6,M
1.133,0.6,F
1.071,0.605,I
0.862,0.605,F
1.1155,0.605,M
1.031,0.61,M
1.1185,0.61,F
0.957,0.61,F
1.1785,0.61,F
1.0285,0.615,M
1.0875,0.615,M
1.255,0.615,F
1.219,0.615,M
1.035,0.62,M
1.195,0.62,M
1.062,0.62,F
1.5145,0.62,M
1.309,0.62,M
1.0295,0.62,M
1.0485,0.625,M
1.331,0.625,M
1.1565,0.625,M
1.09,0.625,F
1.354,0.625,F
0.984,0.625,F
1.2525,0.63,M
1.2695,0.635,F
1.3405,0.635,F
1.2895,0.635,F
1.195,0.635,M
1.273,0.635,M
1.229,0.635,M
1.1895,0.64,M
1.1145,0.64,F
1.3115,0.64,F
1.1,0.64,I
1.1285,0.64,M
1.4195,0.64,F
1.6195,0.645,F
1.32,0.645,M
1.5535,0.645,F
1.238,0.65,I
1.189,0.65,F
1.375,0.65,F
1.412,0.655,F
1.348,0.655,F
1.1445,0.655,M
1.4415,0.66,F
1.218,0.66,M
1.2475,0.665,F
1.2695,0.665,M
1.429,0.665,M
1.4015,0.67,F
1.312,0.675,M
1.473,0.675,F
1.623,0.68,M
1.534,0.68,M
1.3845,0.685,M
1.6915,0.69,M
1.5715,0.695,M
1.773,0.7,F
1.4405,0.7,M
1.6245,0.7,M
1.866,0.705,F
1.6705,0.72,F
2.081,0.72,M
1.6195,0.725,F
1.8325,0.75,F
2.173,0.76,M
0.029,0.135,I
0.0195,0.16,I
0.0465,0.21,I
0.1195,0.28,I
0.0895,0.28,I
0.0935,0.285,I
0.1115,0.29,I
0.1195,0.29,I
0.097,0.29,I
0.133,0.32,I
0.1745,0.325,I
0.1695,0.335,I
0.17,0.35,I
0.1605,0.35,I
0.271,0.355,I
0.2185,0.36,I
0.196,0.36,I
0.226,0.375,I
0.22,0.375,I
0.3,0.395,I
0.2875,0.405,I
0.316,0.415,I
0.3675,0.425,I
0.3675,0.43,I
0.346,0.435,I
0.4955,0.45,M
0.4675,0.46,I
0.522,0.47,M
0.441,0.47,I
0.5185,0.475,I
0.653,0.505,M
0.5915,0.505,M
0.4825,0.505,M
0.6855,0.51,I
0.6335,0.515,M
0.6875,0.525,M
0.741,0.53,F
0.6355,0.53,F
0.8395,0.545,M
0.9205,0.55,F
0.8215,0.56,F
0.9255,0.565,M
0.8295,0.57,F
1.063,0.58,M
1.115,0.59,M
0.837,0.6,F
0.982,0.605,M
1.112,0.61,M
1.3485,0.625,F
1.5655,0.66,M
0.086,0.255,I
0.1065,0.27,I
0.132,0.28,I
0.1075,0.285,I
0.1745,0.32,I
0.152,0.325,I
0.2755,0.385,I
0.293,0.395,I
0.368,0.4,F
0.312,0.405,I
0.336,0.415,I
0.355,0.42,I
0.379,0.44,I
0.378,0.445,I
0.4655,0.45,M
0.594,0.455,F
0.4935,0.46,M
0.4595,0.46,M
0.4955,0.465,M
0.4325,0.465,I
0.689,0.475,F
0.5465,0.48,I
0.617,0.485,M
0.538,0.49,I
0.7815,0.5,M
0.6355,0.5,F
0.6435,0.505,M
0.5115,0.525,M
0.738,0.535,M
0.699,0.535,F
0.7655,0.54,F
0.7505,0.54,F
0.844,0.545,F
0.8705,0.55,M
0.668,0.55,I
0.83,0.565,F
0.8685,0.58,M
0.839,0.58,F
1.079,0.585,F
0.919,0.595,M
1.1345,0.6,F
0.909,0.61,F
1.2435,0.61,M
1.056,0.62,F
1.2095,0.645,M
1.238,0.65,M
1.644,0.665,F
1.7725,0.685,M
1.2525,0.69,F
1.761,0.705,F
1.3165,0.71,F
1.914,0.72,M
2.1,0.72,F
1.6895,0.73,F
2.032,0.775,M
0.66,0.505,F
0.7455,0.53,M
0.616,0.505,F
0.2825,0.405,I
0.3355,0.415,M
0.651,0.5,M
0.361,0.425,M
0.4775,0.47,M
0.3465,0.4,F
0.25,0.37,I
0.66,0.5,M
0.315,0.41,I
0.276,0.375,M
0.5395,0.49,F
1.04,0.585,M
1.041,0.595,M
1.6885,0.675,F
2.1835,0.665,M
1.2105,0.62,M
0.166,0.325,I
0.452,0.455,I
0.7185,0.525,M
0.232,0.385,I
0.0105,0.13,I
0.0275,0.18,I
0.1445,0.31,I
0.282,0.375,F
0.608,0.48,F
0.433,0.455,I
0.3295,0.425,M
0.4555,0.475,I
0.4585,0.435,F
0.275,0.29,F
0.335,0.385,M
0.4265,0.47,M
0.5765,0.5,F
0.127,0.4,I
1.1505,0.62,M
0.8915,0.595,M
0.97,0.585,M
0.18,0.32,M
0.6985,0.52,F
0.4585,0.44,M
0.4005,0.44,F
0.7145,0.565,M
0.932,0.56,F
0.966,0.59,F
0.9995,0.57,F
1.496,0.68,M
0.5065,0.45,F
0.1735,0.32,I
0.3945,0.46,I
0.4665,0.47,M
0.401,0.455,M
0.3455,0.415,F
0.5205,0.465,M
0.4935,0.46,M
0.3245,0.415,M
0.106,0.27,M
0.4415,0.445,M
1.966,0.745,F
0.3025,0.4,F
0.1225,0.28,I
0.879,0.55,M
1.2275,0.58,M
1.2715,0.61,M
1.806,0.62,M
0.8085,0.56,M
1.3905,0.64,F
1.8465,0.69,M
2.1995,0.715,F
1.817,0.71,F
0.897,0.55,F
0.3245,0.375,M
1.136,0.61,F
0.2735,0.38,I
0.2405,0.37,F
0.1545,0.335,M
0.0145,0.165,I
0.1185,0.285,M
0.0295,0.19,I
0.0385,0.215,I
0.799,0.595,M
1.1845,0.645,F
0.925,0.575,M
1.098,0.57,F
1.071,0.58,F
0.975,0.595,F
1.283,0.595,F
1.0595,0.625,F
0.9195,0.535,M
0.9295,0.55,M
0.8085,0.495,M
0.1485,0.32,I
0.4475,0.445,M
0.6865,0.52,F
0.6335,0.495,M
0.547,0.47,M
0.585,0.49,F
0.927,0.58,M
1.4935,0.645,M
1.0405,0.575,F
0.0605,0.215,I
0.3675,0.43,I
0.099,0.26,I
0.233,0.37,I
0.3625,0.405,I
0.081,0.27,I
1.596,0.68,F
1.4005,0.65,F
1.406,0.645,F
0.9245,0.57,M
1.36,0.615,M
0.43,0.42,M
0.1365,0.275,I
0.14,0.29,F
0.4215,0.42,M
1.5765,0.625,F
1.2125,0.55,F
1.6305,0.66,M
1.142,0.565,M
1.366,0.595,F
1.539,0.63,M
0.445,0.43,F
0.5725,0.455,F
0.19,0.33,I
0.764,0.515,F
0.853,0.495,M
0.5885,0.485,F
0.7875,0.535,F
1.035,0.58,M
1.352,0.625,F
0.958,0.555,F
0.797,0.55,F
0.857,0.59,M
0.2235,0.355,I
0.086,0.275,I
0.692,0.505,F
0.2225,0.37,M
0.7575,0.555,M
0.729,0.505,F
0.903,0.56,F
1.0965,0.595,M
0.903,0.57,F
1.229,0.6,M
1.106,0.56,F
1.171,0.585,M
0.444,0.46,I
0.4755,0.46,F
0.388,0.415,M
0.3785,0.435,F
0.486,0.475,F
0.5265,0.465,M
0.2275,0.355,I
0.5105,0.46,M
0.3105,0.38,F
0.543,0.47,F
0.2225,0.36,M
0.998,0.585,F
1.5455,0.655,M
1.2675,0.6,M
1.1,0.57,F
1.4285,0.645,F
1.793,0.65,M
0.6185,0.51,M
0.5825,0.52,M
0.7485,0.495,M
0.406,0.43,M
1.1005,0.59,F
0.869,0.55,M
0.955,0.585,M
0.9215,0.58,F
1.456,0.62,F
0.893,0.59,I
2.226,0.72,F
1.2125,0.635,F
1.0675,0.61,F
0.8525,0.545,F
0.8615,0.57,M
1.162,0.6,F
0.8705,0.52,F
1.598,0.635,M
1.406,0.67,F
2.033,0.695,M
1.259,0.655,M
1.0935,0.62,F
1.1805,0.6,F
0.7175,0.51,M
0.7575,0.525,M
0.487,0.44,M
0.5705,0.485,I
0.6905,0.495,F
0.4475,0.435,I
0.347,0.405,I
0.352,0.42,I
0.7145,0.5,F
0.3315,0.385,F
0.18,0.33,I
0.974,0.58,F
0.185,0.325,I
0.563,0.475,M
0.3215,0.38,F
0.179,0.34,I
0.702,0.525,M
0.8045,0.52,F
0.8075,0.535,F
0.578,0.475,M
0.385,0.415,I
0.585,0.495,I
0.6375,0.48,F
0.813,0.52,F
0.5735,0.46,M
0.94,0.58,F
1.008,0.59,M
0.775,0.55,F
1.1445,0.65,F
0.6,0.465,F
0.515,0.455,M
0.5795,0.47,M
0.384,0.435,F
0.2965,0.35,M
0.137,0.315,I
0.991,0.595,M
0.925,0.58,F
0.805,0.575,M
0.8915,0.535,M
0.769,0.515,M
0.6185,0.505,F
0.6515,0.505,F
0.2875,0.4,I
0.5545,0.49,M
0.7365,0.53,M
0.306,0.395,I
1.496,0.665,F
0.3605,0.415,F
0.3045,0.43,M
0.592,0.475,M
0.7995,0.525,F
0.5825,0.48,I
0.3435,0.42,I
0.906,0.59,M
0.6295,0.515,F
1.5515,0.695,M
2.526,0.8,F
1.103,0.61,M
0.957,0.565,F
0.86,0.56,M
1.62,0.655,M
1.407,0.64,M
0.9,0.59,F
0.1455,0.31,I
0.075,0.255,I
0.0235,0.17,I
1.247,0.67,M
1.7265,0.71,F
0.8025,0.56,F
0.764,0.505,M
0.8645,0.525,M
0.4715,0.45,F
0.631,0.515,F
0.9455,0.59,M
1.3185,0.7,M
1.7265,0.72,F
1.081,0.635,M
0.9025,0.555,M
1.1415,0.575,M
1.027,0.585,M
1.3445,0.61,F
1.449,0.645,F
0.7745,0.545,F
0.7895,0.55,M
1.3665,0.66,F
1.0295,0.57,M
1.031,0.6,F
1.065,0.63,F
1.885,0.695,M
1.2425,0.65,M
1.969,0.72,F
0.9445,0.56,I
0.354,0.42,I
0.023,0.18,M
0.3575,0.405,F
0.5965,0.5,F
0.383,0.435,I
0.2065,0.34,M
0.382,0.43,F
0.6315,0.535,I
0.3285,0.415,I
0.2165,0.36,F
0.0305,0.175,M
0.024,0.155,M
0.7365,0.525,I
0.6005,0.525,F
0.4285,0.44,F
0.496,0.45,F
0.6195,0.485,F
0.567,0.47,I
0.6505,0.515,I
0.4495,0.42,M
0.4485,0.455,F
0.241,0.37,M
0.197,0.33,M
0.1425,0.3,I
1.2395,0.625,I
1.0385,0.61,I
0.972,0.625,I
1.3315,0.635,I
0.762,0.5,I
0.775,0.53,F
0.437,0.445,I
0.6985,0.585,F
0.435,0.44,I
0.1295,0.29,M
0.8435,0.555,I
1.25,0.655,I
1.017,0.58,F
1.411,0.625,I
1.208,0.62,I
1.0705,0.64,F
0.5895,0.505,F
0.537,0.5,I
0.15,0.31,M
0.651,0.505,F
0.28,0.42,I
0.287,0.4,M
0.3525,0.425,M
0.12,0.31,M
0.494,0.465,F
0.4765,0.465,F
0.2145,0.35,M
0.595,0.52,I
0.4805,0.475,F
0.321,0.41,F
0.096,0.26,M
0.9315,0.575,I
0.782,0.565,I
0.0945,0.26,M
0.6695,0.53,F
0.213,0.34,M
0.525,0.52,I
1.312,0.635,F
1.087,0.61,F
1.523,0.66,F
1.319,0.635,I
0.579,0.465,F
0.8175,0.515,M
0.17,0.335,I
0.796,0.515,F
0.197,0.345,F
0.5255,0.465,M
0.879,0.54,M
0.4625,0.475,M
0.4565,0.445,F
0.528,0.5,M
0.5835,0.5,M
0.884,0.55,F
0.096,0.275,I
0.1855,0.35,F
0.27,0.37,F
0.463,0.42,F
0.198,0.35,M
0.282,0.395,M
0.0995,0.325,I
0.092,0.275,I
0.0625,0.235,I
0.073,0.25,I
0.071,0.25,I
0.036,0.2,I
1.099,0.585,F
0.5905,0.445,M
0.768,0.5,F
0.413,0.44,M
0.8505,0.515,M
0.6915,0.52,F
0.709,0.5,M
0.3755,0.425,M
0.8185,0.51,M
0.227,0.37,F
0.8245,0.54,M
1.1825,0.615,M
1.122,0.565,M
1.6115,0.645,M
1.2985,0.615,F
1.3,0.605,M
1.161,0.59,F
1.489,0.645,M
1.008,0.57,M
0.441,0.47,F
0.742,0.5,F
0.7,0.52,F
0.271,0.39,M
0.8565,0.52,M
0.8975,0.54,F
0.6105,0.46,M
0.1925,0.355,I
0.6635,0.49,F
1.235,0.63,F
0.7615,0.5,M
0.592,0.49,M
0.39,0.44,M
0.7565,0.515,F
0.57,0.475,F
0.2865,0.42,I
0.2935,0.4,M
0.567,0.45,M
0.6245,0.52,F
0.8415,0.505,M
0.7775,0.495,M
0.989,0.54,M
0.6905,0.48,F
0.2,0.33,F
0.109,0.285,I
0.127,0.3,I
0.2885,0.31,I
0.18,0.34,I
0.144,0.375,I
0.4665,0.415,I
0.33,0.415,I
0.3625,0.415,I
0.34,0.42,I
0.365,0.425,I
0.5,0.465,M
0.6265,0.465,F
0.5555,0.47,I
0.6015,0.47,F
0.53,0.475,I
0.6315,0.48,M
0.7715,0.5,M
0.6125,0.505,I
0.872,0.525,M
0.8115,0.54,M
0.8795,0.545,M
0.983,0.565,F
1.145,0.58,M
1.09,0.59,M
1.262,0.59,M
1.185,0.595,M
1.4405,0.6,F
1.332,0.6,F
1.1405,0.6,F
1.201,0.605,M
1.33,0.625,F
1.362,0.63,M
1.647,0.64,M
1.4995,0.64,F
1.6225,0.655,F
1.786,0.66,I
1.791,0.66,M
1.925,0.675,F
1.689,0.675,F
1.659,0.69,F
2.0475,0.695,F
1.6015,0.7,F
2.0165,0.73,F
0.04,0.205,I
0.0565,0.225,I
0.064,0.23,I
0.0875,0.275,I
0.106,0.28,I
0.1315,0.28,I
0.126,0.295,I
0.155,0.31,I
0.149,0.315,I
0.185,0.34,I
0.2545,0.37,I
0.237,0.38,I
0.279,0.39,I
0.3205,0.405,I
0.3335,0.415,I
0.3885,0.44,I
0.545,0.44,I
0.4165,0.44,I
0.495,0.44,I
0.4775,0.45,I
0.468,0.45,I
0.4555,0.455,F
0.46,0.46,F
0.4155,0.46,I
0.4215,0.46,I
0.474,0.465,I
0.486,0.465,M
0.5735,0.475,I
0.468,0.475,I
0.5135,0.48,M
0.6215,0.5,M
0.494,0.5,I
0.6005,0.505,I
0.646,0.515,M
0.7945,0.525,M
0.812,0.525,M
0.828,0.53,F
0.681,0.53,M
0.889,0.53,F
0.7345,0.54,M
0.964,0.55,F
0.963,0.555,F
0.995,0.57,F
0.8585,0.57,F
0.948,0.575,M
0.888,0.58,F
0.9045,0.585,F
1.046,0.59,M
1.1775,0.595,F
1.0765,0.595,F
1.0255,0.595,F
0.9325,0.6,F
1.235,0.6,F
1.247,0.6,M
1.1495,0.61,M
1.1575,0.615,F
1.327,0.615,F
1.2,0.615,M
1.2705,0.62,F
1.2155,0.62,F
1.3245,0.62,F
1.3555,0.625,M
1.127,0.625,F
1.1075,0.625,F
1.4255,0.63,F
1.147,0.63,F
1.286,0.63,M
1.596,0.635,F
1.297,0.635,F
1.251,0.645,M
1.5105,0.645,M
1.4415,0.65,F
1.6385,0.67,M
1.933,0.69,F
1.71,0.69,M
1.8495,0.695,F
1.742,0.695,M
1.7975,0.7,F
2.381,0.705,F
2.398,0.765,M
2.1945,0.77,M
0.049,0.22,I
0.1055,0.275,I
0.1045,0.29,I
0.163,0.33,I
0.2275,0.355,I
0.219,0.375,I
0.3645,0.415,I
0.3265,0.425,I
0.3515,0.425,I
0.3465,0.43,I
0.407,0.44,I
0.4215,0.44,I
0.3755,0.46,I
0.5335,0.46,I
0.442,0.465,I
0.1315,0.475,I
0.5205,0.475,I
0.5535,0.485,I
0.5445,0.49,I
0.554,0.49,M
0.512,0.495,I
0.583,0.5,I
0.5765,0.5,M
0.723,0.505,M
0.5395,0.51,I
0.625,0.51,I
0.5925,0.515,I
0.633,0.52,I
0.832,0.545,F
0.778,0.545,M
0.7865,0.545,M
0.778,0.545,F
0.636,0.55,I
0.8435,0.55,F
0.648,0.555,I
0.784,0.565,M
0.908,0.57,F
1.02,0.57,M
0.811,0.57,F
0.897,0.575,F
0.852,0.58,M
0.938,0.585,F
0.6955,0.585,F
0.861,0.59,M
1.004,0.59,M
1.0115,0.59,F
1.1005,0.595,F
1.108,0.595,M
0.852,0.595,M
1.9875,0.6,M
1.079,0.605,F
1.055,0.615,F
1.198,0.615,M
1.084,0.615,F
1.103,0.615,M
1.1,0.62,M
1.1015,0.62,M
1.3835,0.625,M
1.115,0.625,F
1.085,0.625,M
1.3165,0.63,M
1.3415,0.63,M
1.027,0.63,M
1.1845,0.645,M
1.192,0.645,M
1.285,0.645,F
1.1805,0.65,M
1.2655,0.65,M
1.2895,0.65,F
1.407,0.65,M
1.122,0.65,F
1.4465,0.66,M
1.349,0.665,F
1.269,0.67,M
1.68,0.67,M
1.551,0.675,F
1.4775,0.68,M
1.529,0.68,M
1.7585,0.7,M
1.523,0.7,M
1.7315,0.725,F
1.51,0.725,M
1.88,0.735,M
2.012,0.74,F
2.201,0.75,M
0.0315,0.19,I
0.04,0.21,I
0.0635,0.25,I
0.0985,0.29,I
0.167,0.335,I
0.2015,0.34,I
0.183,0.345,I
0.187,0.355,I
0.1795,0.36,I
0.2065,0.37,I
0.3,0.375,I
0.2295,0.375,I
0.343,0.385,I
0.244,0.385,I
0.3075,0.395,I
0.3415,0.4,I
0.271,0.405,I
0.91,0.405,I
0.268,0.405,I
0.2885,0.405,I
0.3,0.41,I
0.326,0.41,I
0.358,0.415,I
0.314,0.42,I
0.4025,0.42,I
0.3645,0.43,I
0.4235,0.445,I
0.4305,0.45,M
0.3505,0.45,I
0.486,0.455,I
0.471,0.46,I
0.415,0.46,I
0.5195,0.475,I
0.5895,0.48,M
0.5215,0.485,I
0.4475,0.485,I
0.5585,0.49,I
0.596,0.505,I
0.5385,0.505,I
0.7665,0.51,I
0.516,0.515,F
0.7355,0.515,M
0.531,0.515,I
0.607,0.525,I
0.7055,0.525,F
0.6445,0.525,I
0.6315,0.525,I
0.7845,0.535,M
0.9475,0.545,F
0.712,0.55,I
0.89,0.55,I
0.912,0.55,I
0.656,0.55,I
0.936,0.55,I
0.6975,0.555,I
1.1465,0.555,F
0.825,0.56,I
0.72,0.56,I
0.8215,0.565,I
1.017,0.57,F
0.8975,0.575,F
1.2255,0.58,M
0.9865,0.58,F
0.844,0.58,F
0.8465,0.585,I
0.885,0.585,M
0.6735,0.585,I
0.8755,0.585,F
0.9235,0.59,M
0.977,0.59,M
1.0305,0.595,M
1.05,0.6,M
1.1145,0.6,M
0.877,0.6,M
1.285,0.6,M
1.3065,0.61,M
0.8725,0.61,F
1.0265,0.615,F
1.1605,0.62,F
1.0125,0.62,F
1.096,0.625,M
1.205,0.625,M
1.221,0.63,M
1.0005,0.63,F
1.1355,0.63,M
1.3135,0.63,M
1.1955,0.64,M
1.098,0.64,M
1.139,0.64,M
1.2265,0.64,F
1.042,0.64,M
1.368,0.65,M
1.446,0.65,M
1.4045,0.66,F
1.463,0.66,F
1.711,0.675,F
1.74,0.7,M
1.757,0.705,F
1.601,0.71,M
2.165,0.72,M
2.3305,0.725,M
0.0545,0.24,I
0.0725,0.255,I
0.0925,0.275,I
0.183,0.32,I
0.1525,0.325,I
0.187,0.33,I
0.232,0.36,I
0.196,0.375,I
0.2545,0.375,I
0.2625,0.39,I
0.362,0.45,I
0.4445,0.455,I
0.511,0.46,I
0.589,0.495,I
0.5945,0.5,M
0.529,0.5,I
0.872,0.52,M
0.77,0.52,I
0.8435,0.525,F
0.818,0.535,M
0.8035,0.54,F
0.8115,0.54,F
0.782,0.57,F
0.8745,0.57,M
0.984,0.58,M
0.95,0.58,F
1.1735,0.59,M
0.976,0.59,F
1.0785,0.59,M
1.057,0.595,M
1.11,0.6,M
1.142,0.6,M
1.1255,0.605,M
1.1045,0.62,F
1.3405,0.625,M
1.082,0.625,M
1.254,0.625,F
1.2005,0.63,M
1.243,0.63,M
1.286,0.635,F
1.1665,0.645,F
1.144,0.645,F
1.385,0.65,F
1.309,0.655,F
1.527,0.655,F
1.6385,0.665,M
1.691,0.695,M
1.719,0.72,F
1.52,0.72,F
1.613,0.72,F
2.2355,0.735,M
2.3235,0.74,M
0.1245,0.31,I
0.1285,0.315,I
0.181,0.32,I
0.1585,0.325,I
0.1965,0.335,I
0.198,0.37,I
0.1855,0.37,I
0.2145,0.375,I
0.3245,0.4,I
0.2625,0.41,I
0.371,0.425,I
0.298,0.435,I
0.336,0.445,I
0.447,0.46,I
0.4085,0.465,F
0.587,0.47,I
0.494,0.475,I
0.614,0.495,I
0.5075,0.5,I
0.5445,0.5,I
0.6115,0.505,I
0.5605,0.505,I
0.521,0.505,M
0.5775,0.51,I
0.5935,0.51,I
0.597,0.52,I
0.9505,0.52,M
0.616,0.53,I
0.8315,0.53,M
0.8725,0.535,F
0.8155,0.54,I
0.619,0.54,I
0.7595,0.545,I
0.742,0.545,I
0.804,0.55,I
0.664,0.55,I
0.745,0.55,F
0.728,0.56,I
0.777,0.56,I
0.8765,0.575,F
0.9895,0.575,I
0.9655,0.575,M
0.9065,0.58,M
1.049,0.58,M
0.9705,0.58,F
0.92,0.58,F
0.9525,0.58,M
0.7855,0.58,F
0.855,0.585,I
1.142,0.59,M
0.755,0.59,I
0.9745,0.59,I
1.2015,0.595,M
1.1295,0.595,M
0.9205,0.6,I
1.056,0.6,F
1.34,0.6,M
0.9625,0.6,F
1.0475,0.6,M
1.0915,0.605,F
1.167,0.605,M
0.9995,0.605,I
1.0485,0.61,I
1.2735,0.61,F
1.0625,0.61,M
1.1545,0.61,I
1.194,0.615,F
1.1215,0.615,F
0.9335,0.615,M
1.198,0.615,F
0.9545,0.62,F
1.3585,0.62,M
1.2075,0.625,M
1.217,0.625,M
1.217,0.625,F
0.92,0.625,F
0.8765,0.625,M
1.2615,0.63,F
1.2795,0.63,M
1.167,0.63,F
1.1885,0.63,M
1.3765,0.635,F
1.292,0.635,M
1.1795,0.635,M
1.29,0.635,F
1.2075,0.635,M
1.297,0.64,M
1.4585,0.64,M
1.151,0.645,F
1.197,0.645,F
1.539,0.645,M
1.676,0.65,M
1.6645,0.65,F
1.528,0.655,F
1.494,0.655,F
1.277,0.66,F
1.5965,0.66,F
1.3805,0.665,F
1.2565,0.67,I
1.527,0.67,F
1.4005,0.67,M
1.4405,0.67,M
1.482,0.67,M
1.2345,0.68,M
1.3435,0.68,F
1.533,0.685,M
1.8445,0.69,M
1.825,0.715,M
2.0885,0.72,M
2.087,0.735,M
1.884,0.745,M
0.305,0.32,I
0.4295,0.43,I
0.449,0.43,I
1.029,0.485,M
0.981,0.49,M
0.5745,0.5,I
0.693,0.505,F
1.183,0.51,F
0.7905,0.525,F
1.224,0.535,F
0.775,0.535,I
1.2705,0.535,M
1.406,0.555,M
0.873,0.555,M
0.9415,0.56,M
1.007,0.59,F
1.0835,0.595,M
0.9845,0.595,I
1.5245,0.595,F
1.024,0.61,M
1.281,0.61,M
1.148,0.62,F
1.136,0.625,F
1.2235,0.635,F
1.3695,0.635,F
1.006,0.64,M
1.307,0.64,M
1.463,0.645,M
1.2905,0.655,F
1.4265,0.67,F
1.7885,0.68,M
1.6135,0.7,M
2.2305,0.73,M
2.2635,0.75,F
0.074,0.255,I
0.2075,0.375,I
0.237,0.375,I
0.2665,0.39,I
0.215,0.39,I
0.253,0.395,I
0.309,0.42,I
0.3535,0.435,I
0.335,0.435,I
0.3875,0.44,I
0.365,0.45,I
0.4045,0.45,I
0.372,0.455,I
0.3965,0.46,I
0.5225,0.47,I
0.456,0.475,I
0.44,0.495,I
0.507,0.495,I
0.5285,0.5,I
0.572,0.515,I
0.6625,0.52,I
0.6445,0.52,I
0.6275,0.525,I
0.6885,0.535,I
0.6835,0.535,M
0.6855,0.54,M
0.6755,0.55,I
0.783,0.55,I
0.894,0.56,M
0.768,0.565,I
0.95,0.57,M
0.871,0.57,F
0.9785,0.575,M
0.7425,0.575,I
0.737,0.575,M
0.9175,0.575,I
0.8785,0.58,F
1.1275,0.585,M
0.9765,0.59,M
0.974,0.59,I
0.853,0.59,M
0.991,0.595,M
0.9125,0.595,M
0.921,0.595,F
0.869,0.6,F
0.8665,0.6,M
1.089,0.61,F
0.9615,0.615,M
1.145,0.615,M
0.907,0.62,I
1.1635,0.625,F
1.1955,0.63,M
1.31,0.63,M
1.251,0.635,F
1.145,0.635,F
1.154,0.635,M
1.1335,0.64,F
1.2015,0.64,F
1.5595,0.65,M
1.3165,0.65,M
1.403,0.655,M
1.204,0.655,F
1.2895,0.655,F
1.5175,0.66,F
1.3575,0.665,M
1.3645,0.675,M
1.494,0.68,F
1.664,0.68,F
1.545,0.685,M
1.5855,0.695,F
1.666,0.7,F
1.724,0.71,M
1.908,0.73,F
2.073,0.755,F
0.0515,0.225,I
0.057,0.23,I
0.0925,0.255,I
0.204,0.355,I
0.3075,0.425,I
0.262,0.425,I
0.458,0.455,M
0.491,0.46,M
0.474,0.495,M
0.5805,0.51,M
0.728,0.52,F
0.622,0.525,M
0.706,0.53,M
0.5685,0.53,F
0.9385,0.545,M
0.655,0.55,F
0.9465,0.575,M
0.9115,0.58,M
0.942,0.595,M
1.193,0.6,M
1.461,0.645,M
1.489,0.66,M
0.1115,0.29,I
0.1235,0.3,I
0.2815,0.37,I
0.226,0.375,I
0.2285,0.38,I
0.2995,0.395,I
0.361,0.41,I
0.3045,0.415,I
0.3975,0.425,I
0.379,0.44,I
0.4995,0.44,I
0.7775,0.465,M
0.4705,0.47,F
0.751,0.51,M
0.714,0.525,F
0.6995,0.525,F
0.952,0.55,F
0.8755,0.56,M
0.9215,0.575,M
0.8285,0.575,F
1.206,0.585,M
1.2865,0.615,M
1.1945,0.62,F
1.1655,0.63,F
1.2155,0.63,F
1.1735,0.67,M
1.532,0.675,M
1.5105,0.685,F
0.5565,0.485,F
0.547,0.46,M
0.5165,0.46,M
0.764,0.535,M
0.488,0.465,M
0.6905,0.51,M
0.1835,0.335,I
0.97,0.55,M
0.033,0.18,I
0.059,0.215,I
0.046,0.2,I
1.3235,0.625,F
0.8465,0.55,M
1.047,0.585,M
1.2785,0.645,F
1.8745,0.71,F
1.978,0.7,F
1.367,0.655,F
1.742,0.665,F
0.513,0.47,F
0.4085,0.425,M
0.56,0.54,M
0.635,0.505,M
0.875,0.535,M
0.397,0.43,F
0.806,0.55,M
0.204,0.34,F
0.1165,0.275,I
0.17,0.335,F
1.194,0.64,M
0.765,0.55,F
1.151,0.64,F
0.6765,0.545,F
1.571,0.64,F
1.153,0.605,M
1.114,0.605,M
0.9125,0.56,M
0.872,0.57,F
0.792,0.525,M
0.606,0.505,F
0.2265,0.35,M
0.3955,0.45,M
0.61,0.51,I
0.539,0.49,F
0.657,0.505,F
0.2505,0.38,M
0.102,0.27,I
0.2685,0.37,F
0.551,0.5,M
1.307,0.645,M
0.9185,0.565,M
1.707,0.67,F
0.8805,0.59,F
0.4965,0.47,F
0.632,0.51,F
2.2695,0.72,M
0.9235,0.55,M
0.0345,0.2,I
1.3315,0.65,M
0.72,0.525,F
1.032,0.565,M
1.017,0.61,F
0.98,0.545,F
0.1495,0.325,I
0.1515,0.31,I
0.478,0.45,M
0.578,0.49,F
0.6835,0.505,F
0.2725,0.385,F
1.511,0.62,F
1.3035,0.635,F
1.3955,0.665,F
0.1975,0.335,M
0.116,0.295,I
0.523,0.48,I
0.1565,0.32,I
0.384,0.43,I
1.0055,0.565,M
1.1345,0.6,F
1.0835,0.585,F
0.868,0.555,F
1.0915,0.57,F
1.271,0.62,F
1.4985,0.63,M
0.388,0.425,M
1.2355,0.64,F
1.402,0.675,M
0.6025,0.5,M
0.2775,0.385,M
0.973,0.52,M
0.753,0.52,M
1.3765,0.64,M
0.375,0.44,I
0.4135,0.42,F
0.56,0.45,F
0.3915,0.42,I
1.2765,0.64,F
0.96,0.57,M
0.3745,0.41,M
0.696,0.485,M
1.2955,0.61,F
1.2315,0.59,F
1.383,0.665,M
0.2225,0.345,I
1.156,0.635,M
1.477,0.695,M
1.5715,0.69,F
0.858,0.555,M
1.4995,0.65,M
1.467,0.635,M
1.092,0.655,F
1.8165,0.69,F
1.6365,0.695,F
0.906,0.55,M
1.213,0.61,F
1.06,0.595,M
0.161,0.3,M
0.459,0.435,F
0.533,0.455,I
0.6175,0.48,M
0.366,0.43,I
0.4195,0.435,F
0.15,0.3,I
0.8745,0.575,F
0.655,0.505,M
0.484,0.455,M
1.4435,0.64,M
0.8775,0.56,F
1.3105,0.645,F
1.2515,0.595,F
0.9085,0.565,M
1.1705,0.655,F
0.528,0.48,M
0.6625,0.495,F
0.4335,0.4,F
0.3595,0.41,M
1.107,0.595,F
0.8595,0.625,F
0.7735,0.52,M
0.4365,0.465,M
0.501,0.475,F
0.6735,0.5,F
0.415,0.46,M
0.4775,0.485,M
0.5555,0.465,F
0.6445,0.525,M
1.428,0.655,F
1.6195,0.69,M
0.81,0.55,M
1.0385,0.58,F
0.9715,0.59,F
0.868,0.565,M
1.522,0.665,F
1.1255,0.62,F
0.7085,0.55,M
1.0185,0.605,F
0.72,0.535,M
0.6175,0.51,F
0.738,0.53,M
0.597,0.495,F
1.156,0.575,M
1.22,0.63,F
0.7485,0.59,M
1.0735,0.605,F
1.229,0.645,M
1.146,0.62,F
1.145,0.605,M
1.1055,0.615,F
1.67,0.66,F
1.555,0.71,F
0.9285,0.565,F
0.8085,0.57,F
1.057,0.6,I
0.2595,0.41,I
0.438,0.45,F
0.099,0.275,M
0.5085,0.485,I
1.166,0.62,F
0.507,0.48,F
0.6345,0.505,F
0.314,0.4,M
0.4385,0.45,I
0.195,0.35,M
0.451,0.44,M
0.084,0.265,M
0.0245,0.165,M
1.4685,0.705,F
0.7765,0.535,F
0.5425,0.49,I
0.5885,0.48,F
0.3375,0.395,F
0.2565,0.375,I
0.163,0.345,M
0.8095,0.55,I
1.3655,0.635,I
0.967,0.575,I
0.6855,0.545,F
0.314,0.385,F
0.7005,0.51,F
0.4895,0.44,I
0.45,0.45,I
0.259,0.39,I
0.382,0.425,F
0.4435,0.45,F
1.6935,0.66,I
1.71,0.685,F
0.8575,0.585,F
0.97,0.54,I
0.59,0.49,F
0.34,0.43,M
0.385,0.455,F
0.515,0.495,I
0.59,0.48,F
0.51,0.47,I
0.3005,0.415,M
0.683,0.49,I
0.468,0.47,I
0.4075,0.445,I
0.584,0.51,F
0.829,0.52,F
0.4545,0.475,I
0.4385,0.455,F
0.407,0.435,I
0.3085,0.39,I
0.239,0.375,I
0.106,0.285,M
1.178,0.58,I
1.073,0.58,F
0.306,0.41,M
0.301,0.41,M
0.7585,0.54,I
0.171,0.33,M
0.3625,0.44,I
0.0905,0.28,M
1.0885,0.59,I
1.097,0.61,I
1.278,0.61,I
0.44,0.455,M
0.163,0.33,M
0.522,0.44,I
0.9715,0.54,M
0.588,0.475,F
0.5325,0.46,F
0.127,0.31,I
0.0815,0.255,I
0.1635,0.335,M
0.1,0.295,I
0.0265,0.19,I
0.9955,0.545,M
0.6605,0.495,M
0.721,0.5,M
0.1485,0.305,F
0.487,0.475,F
0.955,0.515,M
0.873,0.545,M
1.65,0.74,M
1.1285,0.565,M
1.1115,0.56,M
0.9745,0.545,M
1.4605,0.645,M
1.0105,0.575,M
1.0765,0.62,M
1.2225,0.605,F
1.616,0.605,M
0.559,0.475,F
0.2205,0.365,M
0.44,0.46,F
0.879,0.53,M
0.6815,0.48,M
0.5795,0.455,M
0.209,0.35,I
0.224,0.37,M
0.1765,0.34,I
0.196,0.35,I
0.192,0.35,I
0.3095,0.39,I
0.313,0.395,I
0.3595,0.415,I
0.3855,0.43,I
0.5785,0.48,I
0.674,0.49,M
0.5265,0.49,F
1.0315,0.56,F
0.9,0.56,M
1.0165,0.58,M
1.2495,0.58,F
1.1685,0.59,M
1.148,0.595,F
1.089,0.6,M
1.0325,0.61,M
1.172,0.63,F
1.3715,0.64,M
1.5055,0.65,F
1.9045,0.71,M
2.4925,0.74,M
0.0805,0.25,I
0.111,0.28,I
0.152,0.325,I
0.199,0.35,I
0.219,0.36,I
0.2155,0.365,I
0.2565,0.37,I
0.257,0.375,I
0.2505,0.38,I
0.279,0.395,I
0.378,0.43,I
0.456,0.44,I
0.5055,0.465,I
0.4705,0.465,F
0.643,0.48,M
0.513,0.485,I
0.569,0.49,F
0.578,0.495,I
0.596,0.5,I
0.5725,0.505,F
0.6435,0.52,M
0.8115,0.52,M
0.7115,0.525,F
0.9155,0.55,M
0.8815,0.555,F
0.931,0.555,F
1.065,0.575,F
1.1385,0.6,M
1.234,0.61,F
1.2635,0.61,F
1.0745,0.61,F
1.403,0.615,M
1.1325,0.62,M
1.1115,0.625,F
1.255,0.625,F
1.437,0.625,M
1.3635,0.635,M
1.1435,0.64,F
1.4545,0.64,M
1.478,0.66,M
1.6885,0.665,F
2.0725,0.715,F
1.787,0.72,M
1.523,0.725,F
0.021,0.165,I
0.0455,0.21,I
0.2435,0.355,I
0.2675,0.4,I
0.258,0.4,I
0.2985,0.4,I
0.411,0.435,I
0.38,0.44,I
0.4385,0.45,I
0.4015,0.465,I
0.4485,0.47,I
0.4155,0.47,I
0.7095,0.475,I
0.637,0.485,I
1.1155,0.505,F
0.599,0.51,I
0.5345,0.52,I
0.627,0.53,F
0.7465,0.535,M
0.985,0.55,M
0.85,0.555,M
0.838,0.555,M
0.812,0.555,F
0.7615,0.56,M
0.87,0.575,M
0.9835,0.585,F
0.929,0.59,M
1.0155,0.595,F
0.939,0.6,M
1.164,0.6,M
1.214,0.61,M
1.1345,0.615,F
1.233,0.62,F
1.0815,0.625,M
1.179,0.625,M
1.1635,0.64,F
1.1545,0.64,F
1.3345,0.645,F
1.469,0.65,M
1.492,0.655,M
1.5585,0.655,F
1.3275,0.66,F
1.6615,0.67,M
1.492,0.69,F
1.7365,0.7,F
1.6605,0.7,F
1.348,0.71,M
1.7405,0.715,M
1.7185,0.72,F
0.041,0.215,I
0.0655,0.24,I
0.097,0.26,I
0.131,0.32,I
0.1695,0.33,I
0.192,0.335,I
0.1765,0.35,I
0.1735,0.35,I
0.1785,0.36,I
0.2055,0.36,I
0.2345,0.365,I
0.2305,0.38,I
0.314,0.4,I
0.33,0.4,I
0.2775,0.4,I
0.405,0.425,I
0.309,0.43,I
0.4385,0.435,M
0.396,0.435,I
0.3615,0.445,I
0.514,0.45,I
0.4265,0.455,I
0.384,0.46,I
0.4865,0.475,I
0.4355,0.475,I
0.498,0.475,I
0.494,0.48,I
0.594,0.495,F
0.528,0.5,I
0.5585,0.505,M
0.636,0.515,I
0.567,0.525,I
0.6615,0.53,I
0.658,0.53,I
0.78,0.535,M
0.6075,0.535,I
0.7025,0.54,I
0.8725,0.55,I
1.2365,0.565,F
1.186,0.57,M
0.7745,0.57,I
0.8875,0.57,F
0.8725,0.575,I
0.8515,0.575,I
0.895,0.575,F
0.886,0.575,M
0.9265,0.58,I
0.8295,0.58,I
0.907,0.58,I
1.041,0.58,M
0.9355,0.585,F
1.058,0.585,F
0.7955,0.595,F
1.0805,0.6,F
0.928,0.6,M
1.059,0.6,F
1.157,0.6,M
1.088,0.6,F
0.776,0.6,F
1.043,0.62,F
1.1415,0.625,M
1.3335,0.625,F
1.273,0.625,F
1.1835,0.625,M
1.2135,0.625,M
1.0315,0.63,I
1.3695,0.635,M
1.3745,0.65,M
1.463,0.65,M
1.6275,0.65,F
1.3875,0.65,F
1.46,0.655,M
1.2835,0.655,F
1.3765,0.66,F
1.6465,0.66,M
1.265,0.675,M
1.56,0.685,M
1.6,0.715,M
2.333,0.735,M
0.028,0.175,I
0.226,0.37,I
0.2855,0.395,I
0.325,0.42,I
0.514,0.455,I
0.5755,0.495,I
0.5805,0.51,F
0.678,0.515,M
0.8035,0.545,M
0.913,0.555,F
0.8675,0.58,M
1.0425,0.59,F
1.14,0.6,M
1.3475,0.61,F
1.0735,0.615,M
1.4335,0.615,M
1.304,0.615,M
0.9505,0.62,M
1.385,0.63,M
1.12,0.64,F
1.2645,0.64,F
1.275,0.655,F
1.27,0.655,M
1.583,0.66,M
1.4355,0.665,F
1.42,0.67,F
1.5955,0.69,M
1.89,0.715,M
2.037,0.735,F
0.084,0.27,I
0.1005,0.285,I
0.1285,0.295,I
0.1345,0.3,I
0.1195,0.3,I
0.1895,0.36,I
0.257,0.37,I
0.2745,0.39,I
0.342,0.435,I
0.344,0.44,I
0.3275,0.44,I
0.4035,0.445,I
0.4075,0.465,I
0.4975,0.465,I
0.3685,0.47,I
0.4175,0.475,I
0.4425,0.475,I
0.4225,0.475,I
0.426,0.485,I
0.511,0.49,I
0.573,0.515,I
0.6385,0.52,I
0.657,0.525,I
0.8735,0.525,F
0.781,0.53,I
0.6765,0.53,I
0.769,0.53,M
0.6235,0.53,I
0.7315,0.535,M
0.8075,0.535,I
0.737,0.545,M
0.654,0.545,F
0.7915,0.55,I
0.753,0.55,I
0.717,0.55,I
0.783,0.555,I
0.872,0.575,I
0.983,0.575,I
1.034,0.585,F
0.9855,0.585,F
0.7635,0.585,I
0.9895,0.59,M
0.9365,0.595,I
0.964,0.595,F
1.0455,0.595,F
1.081,0.595,F
1.012,0.6,M
1.122,0.6,F
1.1245,0.605,M
1.1345,0.605,F
1.0805,0.61,M
1.0835,0.61,F
1.242,0.615,M
1.3915,0.62,M
1.085,0.62,M
0.966,0.62,I
1.0855,0.62,M
1.3025,0.625,F
1.15,0.625,I
1.217,0.63,I
1.306,0.63,F
1.273,0.64,M
1.4865,0.645,M
1.3655,0.65,M
1.276,0.65,M
1.2075,0.65,M
1.281,0.65,F
1.4275,0.65,M
1.155,0.65,M
1.35,0.65,F
1.3685,0.65,M
1.431,0.66,F
1.261,0.66,M
1.764,0.665,F
1.278,0.67,F
1.217,0.67,M
1.46,0.67,F
1.5575,0.675,F
1.527,0.675,M
1.4985,0.675,F
1.885,0.685,M
1.432,0.685,M
1.4385,0.705,M
1.564,0.705,F
2.14,0.71,M
1.792,0.725,F
2.548,0.78,M
0.1585,0.235,I
0.4015,0.35,I
0.465,0.36,I
0.2885,0.38,I
0.6475,0.38,F
0.6485,0.43,M
0.452,0.465,I
0.4915,0.47,I
0.9145,0.485,F
0.976,0.495,M
0.7865,0.5,I
0.775,0.505,M
0.8415,0.51,I
0.681,0.51,M
0.6145,0.515,M
1.1655,0.55,F
1.764,0.575,F
1.1215,0.605,M
1.167,0.615,M
1.0375,0.615,M
1.223,0.625,M
1.124,0.625,M
1.2635,0.635,F
1.238,0.65,F
1.4045,0.65,F
1.37,0.67,F
1.8185,0.695,F
1.7525,0.705,F
0.101,0.275,I
0.106,0.285,I
0.1865,0.36,I
0.2575,0.385,I
0.3225,0.4,I
0.32,0.43,I
0.4155,0.435,I
0.3935,0.45,I
0.4775,0.475,I
0.452,0.475,I
0.5065,0.485,I
0.5525,0.51,I
0.565,0.515,I
0.699,0.52,I
0.6055,0.525,I
0.7905,0.53,M
0.702,0.53,M
0.675,0.53,M
0.475,0.53,I
0.612,0.53,I
0.705,0.535,I
0.728,0.535,I
0.846,0.555,F
0.86,0.555,M
0.8875,0.56,M
0.898,0.56,F
0.6545,0.565,I
0.795,0.575,I
1.0535,0.575,M
0.927,0.575,F
0.701,0.58,I
0.8275,0.58,M
0.9845,0.585,F
0.9565,0.585,M
0.86,0.59,I
1.1785,0.595,M
1.2205,0.615,M
0.9685,0.615,M
1.107,0.62,F
1.1305,0.62,I
1.2555,0.62,M
1.177,0.625,M
1.2425,0.625,M
1.09,0.63,M
1.072,0.63,F
1.129,0.645,F
1.2075,0.65,F
1.227,0.65,F
1.472,0.655,F
1.5785,0.665,F
1.4755,0.67,M
1.5545,0.675,M
1.593,0.675,F
1.8995,0.695,M
1.361,0.695,F
1.4575,0.705,F
2.381,0.74,M
0.0495,0.205,I
0.1455,0.305,I
0.129,0.32,I
0.2255,0.355,I
0.359,0.425,M
0.3505,0.425,I
0.5885,0.45,F
0.623,0.515,M
0.5375,0.52,F
0.5655,0.525,I
0.8625,0.555,M
1.137,0.61,F
0.221,0.35,I
0.2425,0.38,I
0.386,0.46,I
0.5315,0.465,M
0.562,0.475,M
0.836,0.565,M
0.9275,0.57,M
0.8815,0.57,M
1.03,0.595,M
1.1685,0.605,F
1.059,0.615,F
1.127,0.62,M
1.1665,0.625,M
1.541,0.68,F
1.7825,0.68,M
1.543,0.68,M
1.47,0.71,F
0.6335,0.5,M
0.754,0.545,F
0.4485,0.46,F
0.8105,0.535,M
0.22,0.335,M
0.4425,0.425,F
0.3555,0.41,M
0.034,0.17,I
0.185,0.335,I
0.79,0.52,M
0.8255,0.53,F
0.62,0.5,M
0.9525,0.615,F
0.955,0.575,M
0.91,0.57,M
0.416,0.455,M
0.2045,0.37,I
0.515,0.445,M
1.604,0.675,F
0.3435,0.385,M
0.3005,0.375,F
0.8255,0.56,M
0.785,0.55,M
0.9685,0.57,F
0.731,0.485,F
0.4405,0.41,M
0.1785,0.335,I
1.373,0.655,M
0.9765,0.565,F
1.018,0.57,F
1.082,0.55,F
1.423,0.63,F
0.655,0.475,M
1.4155,0.655,F
0.1385,0.32,I
0.782,0.525,M
0.717,0.525,F
0.6355,0.5,F
0.3975,0.44,F
0.656,0.49,F
0.744,0.545,M
0.447,0.45,F
0.578,0.515,F
0.1405,0.33,I
0.708,0.525,F
0.1385,0.295,M
0.8615,0.545,M
1.626,0.645,F
0.478,0.45,M
1.1775,0.61,F
0.286,0.38,I
1.058,0.565,F
1.5415,0.67,F
0.817,0.54,M
0.152,0.29,I
0.335,0.41,I
0.4915,0.46,F
0.9705,0.56,F
0.9315,0.575,F
1.221,0.62,M
0.7365,0.515,M
0.97,0.56,F
0.8085,0.5,F
0.4075,0.435,I
0.6295,0.495,M
1.053,0.595,F
1.829,0.76,M
1.1765,0.615,F
0.8765,0.565,F
0.0145,0.14,I
0.476,0.445,M
0.813,0.525,F
0.018,0.16,I
1.064,0.635,M
0.853,0.575,M
0.219,0.38,M
0.0635,0.245,M
0.6275,0.48,I
0.441,0.455,I
0.458,0.455,F
0.4745,0.455,M
0.216,0.355,I
0.6765,0.52,I
0.757,0.54,I
0.7325,0.52,I
1.0285,0.56,I
0.712,0.52,F
1.066,0.615,I
1.3065,0.645,F
0.8545,0.565,I
0.125,0.295,M
0.2225,0.375,M
0.6955,0.525,I
0.266,0.395,M
0.7105,0.5,F
0.487,0.47,F
0.728,0.58,I
0.6675,0.5,I
2.0495,0.725,I
1.498,0.65,F
1.597,0.67,F
0.8605,0.55,I
0.541,0.49,F
0.058,0.235,I
0.0645,0.235,I
0.77,0.52,M
0.541,0.475,F
0.739,0.53,M
0.205,0.35,F
0.8695,0.555,M
0.6555,0.505,M
1.0905,0.54,F
0.6295,0.525,F
1.0985,0.55,M
0.991,0.55,M
0.0615,0.235,I
0.8005,0.525,M
0.6175,0.475,M
0.772,0.53,F
0.7155,0.525,F
0.717,0.53,F
0.6355,0.465,F
0.18,0.315,I
0.5805,0.465,I
0.556,0.485,M
0.591,0.49,I
0.686,0.515,F
1.016,0.555,F
1.438,0.61,F
1.807,0.68,F
1.777,0.69,M
2.173,0.695,M
2.1505,0.72,F
0.118,0.27,I
0.099,0.27,I
0.1365,0.295,I
0.1295,0.295,I
0.164,0.315,I
0.2875,0.375,I
0.277,0.38,I
0.248,0.385,I
0.252,0.4,I
0.4015,0.415,M
0.3905,0.415,I
0.409,0.42,I
0.4095,0.44,I
0.494,0.45,I
0.4905,0.475,I
0.599,0.485,M
0.6245,0.495,M
0.7745,0.525,F
0.9795,0.565,M
0.8915,0.58,I
0.874,0.585,F
1.262,0.6,M
1.21,0.63,M
1.37,0.645,F
1.759,0.655,F
1.3855,0.665,M
1.8065,0.67,F
1.5945,0.67,M
1.4545,0.685,M
2.003,0.7,M
2.2385,0.72,M
0.032,0.185,I
0.0785,0.245,I
0.134,0.315,I
0.2075,0.36,I
0.2235,0.375,I
0.34,0.415,I
0.5365,0.455,I
0.635,0.48,I
0.562,0.485,I
0.597,0.51,I
0.5815,0.52,M
0.7545,0.555,F
0.98,0.585,M
1.0035,0.585,F
1.133,0.585,M
1.146,0.61,M
1.142,0.61,M
1.12,0.615,M
1.011,0.62,F
1.131,0.625,M
1.065,0.625,M
1.181,0.635,M
1.382,0.64,F
1.4385,0.66,M
1.2275,0.66,M
1.4415,0.66,M
1.473,0.68,F
1.658,0.69,F
1.7475,0.72,M
0.096,0.275,I
0.1445,0.33,I
0.1965,0.33,I
0.196,0.365,I
0.2155,0.365,I
0.2805,0.42,I
0.334,0.435,I
0.366,0.435,I
0.4965,0.44,I
0.651,0.485,I
0.5125,0.495,I
0.6925,0.51,M
0.5995,0.52,I
0.74,0.54,I
0.702,0.54,I
0.672,0.55,I
0.811,0.56,I
0.9585,0.575,F
0.858,0.575,I
0.9575,0.575,F
0.926,0.58,F
0.873,0.58,F
0.998,0.59,M
0.6655,0.6,M
1.003,0.62,M
1.234,0.625,F
1.025,0.625,M
1.2935,0.625,M
1.0565,0.625,M
1.7855,0.625,M
1.2255,0.625,F
1.2565,0.635,F
1.159,0.645,F
1.403,0.645,M
1.826,0.69,F
1.7715,0.695,F
0.6125,0.515,M
0.658,0.545,I
0.911,0.62,M
1.1955,0.63,M
1.336,0.63,F
1.36,0.64,F
0.2325,0.37,I
0.317,0.395,I
0.318,0.4,I
0.2645,0.41,I
0.4055,0.455,I
0.524,0.48,I
0.464,0.485,I
0.439,0.5,I
0.5805,0.515,I
0.622,0.52,I
0.7805,0.545,M
0.772,0.545,I
0.741,0.55,I
0.8265,0.55,M
0.7275,0.55,M
0.7005,0.555,I
0.9355,0.56,M
1.1815,0.565,I
1.0145,0.57,M
1.1,0.575,F
1.218,0.585,M
0.874,0.59,M
0.984,0.595,I
1.0105,0.6,M
1.0765,0.61,M
1.337,0.615,M
1.3705,0.625,M
1.7015,0.625,F
1.2435,0.63,M
1.4135,0.63,M
1.073,0.635,F
1.477,0.635,F
1.2915,0.635,M
1.3105,0.65,F
1.4915,0.67,M
1.494,0.675,F
1.1965,0.675,F
1.672,0.68,M
1.9125,0.7,M
1.907,0.71,F
1.79,0.715,F
1.7495,0.72,F
0.3415,0.42,I
0.519,0.48,I
0.5305,0.48,M
1.2825,0.51,M
0.7165,0.515,I
1.6645,0.56,F
0.837,0.56,I
0.9645,0.57,F
1.1,0.605,F
1.2415,0.625,M
1.3185,0.64,F
1.3455,0.65,M
0.1185,0.3,I
0.197,0.35,M
0.4725,0.455,I
0.4495,0.46,I
0.557,0.49,I
0.516,0.5,I
0.709,0.54,I
0.7385,0.55,M
0.7935,0.55,I
0.9205,0.555,M
0.7655,0.57,I
0.824,0.58,M
0.83,0.58,I
0.985,0.585,I
0.997,0.585,M
0.914,0.595,F
1.13,0.6,F
1.0805,0.615,F
1.105,0.63,M
1.229,0.63,M
1.2355,0.635,F
1.2395,0.645,F
1.357,0.65,F
1.402,0.655,M
1.359,0.655,F
1.669,0.67,M
1.7405,0.67,M
1.51,0.695,M
1.6645,0.695,M
2.0505,0.77,M
0.124,0.28,I
0.14,0.33,I
0.1695,0.35,I
0.218,0.37,I
0.384,0.43,I
0.393,0.435,I
0.3805,0.44,I
0.4895,0.475,M
0.5135,0.475,M
0.4495,0.48,I
0.8025,0.56,F
1.053,0.585,F
0.9945,0.585,F
0.3175,0.385,M
0.344,0.39,I
0.2845,0.39,I
0.3035,0.405,I
0.499,0.475,I
0.577,0.5,M
0.615,0.515,F
0.791,0.52,M
0.8395,0.55,M
0.8675,0.56,M
0.887,0.565,F
0.966,0.59,M
1.176,0.6,M
1.0945,0.625,F
1.9485,0.71,M
